"TF","gene_name","n_files_with_binding","total_overlapping_peaks","cell_lines","file_accessions"
"ARNT2","MICA",4,15,"HepG2","ENCFF393KHT; ENCFF616CUN; ENCFF633IXH; ENCFF974HAU"
"ARNT2","MICB",8,17,"HepG2","ENCFF023QQL; ENCFF393KHT; ENCFF431BYW; ENCFF616CUN; ENCFF633IXH; ENCFF713SOV; ENCFF974HAU; ENCFF980RUT"
"ARNT2","RAET1E",3,4,"HepG2","ENCFF393KHT; ENCFF616CUN; ENCFF974HAU"
"ARNT2","RAET1G",3,10,"HepG2","ENCFF393KHT; ENCFF616CUN; ENCFF974HAU"
"ARNT2","ULBP1",7,15,"HepG2","ENCFF023QQL; ENCFF393KHT; ENCFF431BYW; ENCFF616CUN; ENCFF633IXH; ENCFF974HAU; ENCFF980RUT"
"ARNT2","ULBP2",1,1,"HepG2","ENCFF633IXH"
"ARNT2","ULBP3",3,4,"HepG2","ENCFF393KHT; ENCFF616CUN; ENCFF974HAU"
"ARNTL","MICA",6,16,"HepG2","ENCFF049HEP; ENCFF212JXA; ENCFF316SKE; ENCFF343MFN; ENCFF588WBI; ENCFF682FXA"
"ARNTL","MICB",5,20,"HepG2","ENCFF212JXA; ENCFF316SKE; ENCFF343MFN; ENCFF588WBI; ENCFF682FXA"
"ARNTL","RAET1E",3,4,"HepG2","ENCFF316SKE; ENCFF343MFN; ENCFF682FXA"
"ARNTL","RAET1G",1,1,"HepG2","ENCFF682FXA"
"ARNTL","ULBP1",2,2,"HepG2","ENCFF212JXA; ENCFF316SKE"
"ARNTL","ULBP3",3,7,"HepG2","ENCFF316SKE; ENCFF343MFN; ENCFF682FXA"
"ATF1","MICA",38,104,"HepG2; K562","ENCFF012UHY; ENCFF077HXE; ENCFF130WFH; ENCFF132KHC; ENCFF142JBX; ENCFF173BUC; ENCFF189NGD; ENCFF219KKZ; ENCFF221MGJ; ENCFF234YBT; ENCFF236XAZ; ENCFF259RDK; ENCFF313YNI; ENCFF320PKO; ENCFF337JAD; ENCFF342OEH; ENCFF358DZO; ENCFF360VMU; ENCFF363ZSJ; ENCFF391GUV; ENCFF401TNF; ENCFF465UUK; ENCFF498YES; ENCFF522YTF; ENCFF539UXY; ENCFF583CJG; ENCFF617OOI; ENCFF621JGB; ENCFF627RSK; ENCFF640BJX; ENCFF644UJA; ENCFF670QNI; ENCFF683OFC; ENCFF844NZW; ENCFF895RKW; ENCFF914IWA; ENCFF987UMS; ENCFF990YHD"
"ATF1","MICB",30,72,"HepG2; K562","ENCFF001VLX; ENCFF077HXE; ENCFF091AYC; ENCFF131MUF; ENCFF132KHC; ENCFF142JBX; ENCFF173BUC; ENCFF206BGR; ENCFF221MGJ; ENCFF234YBT; ENCFF236XAZ; ENCFF246FCW; ENCFF259RDK; ENCFF320PKO; ENCFF337JAD; ENCFF342OEH; ENCFF358DZO; ENCFF360VMU; ENCFF391GUV; ENCFF465UUK; ENCFF498YES; ENCFF617OOI; ENCFF621JGB; ENCFF627RSK; ENCFF644UJA; ENCFF725LNH; ENCFF878PSW; ENCFF884CMO; ENCFF895RKW; ENCFF990YHD"
"ATF1","RAET1E",17,31,"HepG2; K562","ENCFF012UHY; ENCFF089SHU; ENCFF189NGD; ENCFF219KKZ; ENCFF246FCW; ENCFF259RDK; ENCFF313YNI; ENCFF320PKO; ENCFF358DZO; ENCFF360VMU; ENCFF465UUK; ENCFF522YTF; ENCFF621JGB; ENCFF624BVW; ENCFF644UJA; ENCFF705EEN; ENCFF895RKW"
"ATF1","RAET1G",12,18,"HepG2; K562","ENCFF091AYC; ENCFF234YBT; ENCFF246FCW; ENCFF320PKO; ENCFF337JAD; ENCFF358DZO; ENCFF360VMU; ENCFF401TNF; ENCFF465UUK; ENCFF705EEN; ENCFF844NZW; ENCFF895RKW"
"ATF1","RAET1L",12,19,"HepG2; K562","ENCFF077HXE; ENCFF091AYC; ENCFF234YBT; ENCFF313YNI; ENCFF337JAD; ENCFF360VMU; ENCFF465UUK; ENCFF522YTF; ENCFF621JGB; ENCFF624BVW; ENCFF644UJA; ENCFF705EEN"
"ATF1","ULBP1",43,71,"HepG2; K562","ENCFF012UHY; ENCFF077HXE; ENCFF089SHU; ENCFF091AYC; ENCFF131MUF; ENCFF132KHC; ENCFF142JBX; ENCFF168FKE; ENCFF173BUC; ENCFF189NGD; ENCFF206BGR; ENCFF219KKZ; ENCFF221MGJ; ENCFF236XAZ; ENCFF259RDK; ENCFF313YNI; ENCFF320PKO; ENCFF358DZO; ENCFF360VMU; ENCFF401TNF; ENCFF465UUK; ENCFF467CEX; ENCFF522YTF; ENCFF539RBU; ENCFF582KSF; ENCFF583CJG; ENCFF617OOI; ENCFF624BVW; ENCFF627RSK; ENCFF644UJA; ENCFF647MTJ; ENCFF705EEN; ENCFF705LAM; ENCFF711PGY; ENCFF715PLB; ENCFF725LNH; ENCFF844NZW; ENCFF860UZX; ENCFF878PSW; ENCFF882VHN; ENCFF895RKW; ENCFF924GPK; ENCFF982WDO"
"ATF1","ULBP2",28,43,"HepG2; K562","ENCFF012UHY; ENCFF091AYC; ENCFF131MUF; ENCFF132KHC; ENCFF142JBX; ENCFF168FKE; ENCFF173BUC; ENCFF206BGR; ENCFF219KKZ; ENCFF221MGJ; ENCFF236XAZ; ENCFF259RDK; ENCFF313YNI; ENCFF320PKO; ENCFF358DZO; ENCFF360VMU; ENCFF465UUK; ENCFF522YTF; ENCFF617OOI; ENCFF627RSK; ENCFF644UJA; ENCFF705EEN; ENCFF705LAM; ENCFF711PGY; ENCFF725LNH; ENCFF860UZX; ENCFF878PSW; ENCFF895RKW"
"ATF1","ULBP3",26,63,"HepG2; K562","ENCFF002CVM; ENCFF030HWZ; ENCFF077HXE; ENCFF089SHU; ENCFF091AYC; ENCFF131MUF; ENCFF189NGD; ENCFF232KAH; ENCFF234YBT; ENCFF246FCW; ENCFF259RDK; ENCFF313YNI; ENCFF337JAD; ENCFF358DZO; ENCFF360VMU; ENCFF418WDR; ENCFF465UUK; ENCFF522YTF; ENCFF621JGB; ENCFF624BVW; ENCFF644UJA; ENCFF670QNI; ENCFF705EEN; ENCFF843PZW; ENCFF884CMO; ENCFF987UMS"
"ATF2","MICA",17,43,"HepG2; K562","ENCFF050YFJ; ENCFF085MLO; ENCFF102LXY; ENCFF129HSC; ENCFF182PYD; ENCFF193MKJ; ENCFF376YOD; ENCFF448DMG; ENCFF520FIM; ENCFF538KAC; ENCFF640LNW; ENCFF764SAO; ENCFF784QTQ; ENCFF842UTR; ENCFF865OTB; ENCFF952FPA; ENCFF995IHH"
"ATF2","MICB",18,42,"HepG2; K562","ENCFF085MLO; ENCFF193MKJ; ENCFF376YOD; ENCFF448DMG; ENCFF474JRH; ENCFF513RYS; ENCFF520FIM; ENCFF522LHU; ENCFF525YRJ; ENCFF538KAC; ENCFF640LNW; ENCFF731IFM; ENCFF750HPK; ENCFF759MWN; ENCFF764SAO; ENCFF784QTQ; ENCFF826QEY; ENCFF968KBN"
"ATF2","RAET1E",11,13,"HepG2; K562","ENCFF085MLO; ENCFF129HSC; ENCFF418KEX; ENCFF507XJO; ENCFF520FIM; ENCFF650ZJR; ENCFF731IFM; ENCFF750HPK; ENCFF759MWN; ENCFF764SAO; ENCFF784QTQ"
"ATF2","RAET1G",15,23,"HepG2; K562","ENCFF085MLO; ENCFF129HSC; ENCFF376YOD; ENCFF448DMG; ENCFF474JRH; ENCFF502ZTC; ENCFF507XJO; ENCFF513RYS; ENCFF520FIM; ENCFF650ZJR; ENCFF731IFM; ENCFF749LDF; ENCFF750HPK; ENCFF784QTQ; ENCFF826QEY"
"ATF2","RAET1L",6,9,"HepG2; K562","ENCFF474JRH; ENCFF513RYS; ENCFF731IFM; ENCFF750HPK; ENCFF759MWN; ENCFF826QEY"
"ATF2","ULBP1",26,39,"HepG2; K562","ENCFF121HYT; ENCFF129HSC; ENCFF182PYD; ENCFF192ASP; ENCFF207FUE; ENCFF289VCS; ENCFF418KEX; ENCFF474JRH; ENCFF507XJO; ENCFF538KAC; ENCFF559LTZ; ENCFF581SVN; ENCFF640LNW; ENCFF650ZJR; ENCFF673TEA; ENCFF731IFM; ENCFF749LDF; ENCFF750HPK; ENCFF759MWN; ENCFF764SAO; ENCFF784QTQ; ENCFF803FHN; ENCFF826QEY; ENCFF842UTR; ENCFF888JJI; ENCFF992RYP"
"ATF2","ULBP2",10,12,"HepG2; K562","ENCFF050YFJ; ENCFF182PYD; ENCFF310XTT; ENCFF538KAC; ENCFF750HPK; ENCFF759MWN; ENCFF764SAO; ENCFF784QTQ; ENCFF842UTR; ENCFF995IHH"
"ATF2","ULBP3",21,39,"HepG2; K562","ENCFF050YFJ; ENCFF085MLO; ENCFF129HSC; ENCFF215TZZ; ENCFF289VCS; ENCFF376YOD; ENCFF418KEX; ENCFF448DMG; ENCFF474JRH; ENCFF502ZTC; ENCFF507XJO; ENCFF513RYS; ENCFF520FIM; ENCFF525YRJ; ENCFF731IFM; ENCFF749LDF; ENCFF750HPK; ENCFF759MWN; ENCFF826QEY; ENCFF968KBN; ENCFF995IHH"
"ATF3","MICA",39,92,"HepG2; K562","ENCFF012VKK; ENCFF027EFG; ENCFF034DTN; ENCFF119XUN; ENCFF126UIS; ENCFF151HWD; ENCFF164BVB; ENCFF183CZJ; ENCFF198OWC; ENCFF225ALT; ENCFF239HDN; ENCFF250BQT; ENCFF251XOI; ENCFF263MQY; ENCFF292CHB; ENCFF296XNB; ENCFF343CSC; ENCFF344UMM; ENCFF349HIP; ENCFF360USH; ENCFF432KKS; ENCFF480GLV; ENCFF484BZA; ENCFF528ESS; ENCFF556SMM; ENCFF561JSP; ENCFF630ZUD; ENCFF650KQD; ENCFF718VHT; ENCFF725ZKM; ENCFF796WJW; ENCFF803MOB; ENCFF806JZT; ENCFF878VTI; ENCFF891BJN; ENCFF931FKR; ENCFF937OKC; ENCFF963WVL; ENCFF980RKS"
"ATF3","MICB",39,78,"HepG2; K562","ENCFF005HSF; ENCFF012VKK; ENCFF015HEH; ENCFF034DTN; ENCFF126UIS; ENCFF146YXX; ENCFF151HWD; ENCFF164BVB; ENCFF181HMS; ENCFF183CZJ; ENCFF225ALT; ENCFF228PSB; ENCFF239HDN; ENCFF251XOI; ENCFF263MQY; ENCFF281ART; ENCFF291WLP; ENCFF292CHB; ENCFF296XNB; ENCFF303DKR; ENCFF343CSC; ENCFF414JVR; ENCFF432KKS; ENCFF435TZX; ENCFF480GLV; ENCFF484BZA; ENCFF528ESS; ENCFF561JSP; ENCFF650KQD; ENCFF725ZKM; ENCFF737ZGG; ENCFF806JZT; ENCFF820BLL; ENCFF878VTI; ENCFF881BHF; ENCFF931FKR; ENCFF958KNK; ENCFF963WVL; ENCFF980RKS"
"ATF3","RAET1E",28,44,"HepG2; K562","ENCFF012VKK; ENCFF015HEH; ENCFF151HWD; ENCFF198OWC; ENCFF225ALT; ENCFF239HDN; ENCFF251XOI; ENCFF263MQY; ENCFF281ART; ENCFF291WLP; ENCFF292CHB; ENCFF296XNB; ENCFF303DKR; ENCFF343CSC; ENCFF414JVR; ENCFF432KKS; ENCFF435TZX; ENCFF480GLV; ENCFF484BZA; ENCFF561JSP; ENCFF650KQD; ENCFF725ZKM; ENCFF803VVQ; ENCFF806JZT; ENCFF878VTI; ENCFF881BHF; ENCFF963WVL; ENCFF980RKS"
"ATF3","RAET1G",18,23,"HepG2; K562","ENCFF012VKK; ENCFF034DTN; ENCFF151HWD; ENCFF164BVB; ENCFF183CZJ; ENCFF198OWC; ENCFF263MQY; ENCFF281ART; ENCFF303DKR; ENCFF343CSC; ENCFF414JVR; ENCFF435TZX; ENCFF480GLV; ENCFF528ESS; ENCFF650KQD; ENCFF725ZKM; ENCFF878VTI; ENCFF963WVL"
"ATF3","RAET1L",27,37,"HepG2; K562","ENCFF005HSF; ENCFF011BHF; ENCFF012VKK; ENCFF027EFG; ENCFF034DTN; ENCFF119XUN; ENCFF126UIS; ENCFF151HWD; ENCFF164BVB; ENCFF225ALT; ENCFF239HDN; ENCFF251XOI; ENCFF263MQY; ENCFF281ART; ENCFF291WLP; ENCFF292CHB; ENCFF360USH; ENCFF435TZX; ENCFF480GLV; ENCFF556SMM; ENCFF561JSP; ENCFF650KQD; ENCFF725ZKM; ENCFF803VVQ; ENCFF881BHF; ENCFF937OKC; ENCFF980RKS"
"ATF3","ULBP1",71,106,"HCT116; HepG2; K562","ENCFF005HSF; ENCFF011BHF; ENCFF012VKK; ENCFF015HEH; ENCFF027EFG; ENCFF034DTN; ENCFF070EHR; ENCFF095QYP; ENCFF107DBQ; ENCFF119XUN; ENCFF122HFP; ENCFF126UIS; ENCFF145FYQ; ENCFF151HWD; ENCFF164BVB; ENCFF183CZJ; ENCFF210JFM; ENCFF225ALT; ENCFF239HDN; ENCFF246USC; ENCFF250BQT; ENCFF251XOI; ENCFF265AHI; ENCFF274SLL; ENCFF291WLP; ENCFF292CHB; ENCFF296XNB; ENCFF323BVF; ENCFF343CSC; ENCFF344UMM; ENCFF349HIP; ENCFF360BUQ; ENCFF360USH; ENCFF364WAT; ENCFF414JVR; ENCFF419WTZ; ENCFF432KKS; ENCFF449TJA; ENCFF467WOR; ENCFF480GLV; ENCFF484BZA; ENCFF492ZNK; ENCFF495DDK; ENCFF528ESS; ENCFF556SMM; ENCFF561JSP; ENCFF605TNJ; ENCFF650KQD; ENCFF659GZT; ENCFF680XCW; ENCFF718VHT; ENCFF725ZKM; ENCFF731SIP; ENCFF751OAG; ENCFF759DAM; ENCFF796WJW; ENCFF802GAH; ENCFF803MOB; ENCFF803VVQ; ENCFF806JZT; ENCFF878VTI; ENCFF881BHF; ENCFF891BJN; ENCFF894JDF; ENCFF902TDN; ENCFF931FKR; ENCFF933NVI; ENCFF937OKC; ENCFF963WVL; ENCFF976FTM; ENCFF980RKS"
"ATF3","ULBP2",29,36,"HepG2; K562","ENCFF034DTN; ENCFF119XUN; ENCFF122HFP; ENCFF126UIS; ENCFF145FYQ; ENCFF151HWD; ENCFF164BVB; ENCFF210JFM; ENCFF225ALT; ENCFF239HDN; ENCFF263MQY; ENCFF292CHB; ENCFF296XNB; ENCFF303DKR; ENCFF360USH; ENCFF435TZX; ENCFF480GLV; ENCFF495DDK; ENCFF528ESS; ENCFF556SMM; ENCFF561JSP; ENCFF650KQD; ENCFF725ZKM; ENCFF806JZT; ENCFF878VTI; ENCFF881BHF; ENCFF931FKR; ENCFF937OKC; ENCFF980RKS"
"ATF3","ULBP3",33,63,"HepG2; K562","ENCFF001UIW; ENCFF001UIY; ENCFF012VKK; ENCFF015HEH; ENCFF034DTN; ENCFF119XUN; ENCFF126UIS; ENCFF146YXX; ENCFF151HWD; ENCFF164BVB; ENCFF183CZJ; ENCFF228PSB; ENCFF246USC; ENCFF251XOI; ENCFF263MQY; ENCFF281ART; ENCFF291WLP; ENCFF292CHB; ENCFF296XNB; ENCFF303DKR; ENCFF343CSC; ENCFF435TZX; ENCFF484BZA; ENCFF561JSP; ENCFF650KQD; ENCFF725ZKM; ENCFF737ZGG; ENCFF803VVQ; ENCFF820BLL; ENCFF878VTI; ENCFF931FKR; ENCFF958KNK; ENCFF980RKS"
"ATF4","MICA",29,69,"HepG2; K562","ENCFF003DIJ; ENCFF121PUN; ENCFF182MNO; ENCFF244ROK; ENCFF271QTZ; ENCFF291XES; ENCFF357COB; ENCFF359LNM; ENCFF387VTI; ENCFF429QTL; ENCFF467EGX; ENCFF483XFR; ENCFF510BCH; ENCFF519GKM; ENCFF548UHD; ENCFF607BPI; ENCFF646IHV; ENCFF662WXX; ENCFF771LVW; ENCFF774BEC; ENCFF790XQI; ENCFF827GWN; ENCFF872NFM; ENCFF905VLK; ENCFF907SPZ; ENCFF921XMX; ENCFF935TYN; ENCFF947KSU; ENCFF970NGB"
"ATF4","MICB",16,39,"HepG2; K562","ENCFF003DIJ; ENCFF271QTZ; ENCFF359LNM; ENCFF387VTI; ENCFF429QTL; ENCFF467EGX; ENCFF483XFR; ENCFF491DNM; ENCFF548UHD; ENCFF662WXX; ENCFF710IEF; ENCFF827GWN; ENCFF872NFM; ENCFF921XMX; ENCFF947KSU; ENCFF970NGB"
"ATF4","RAET1E",4,5,"HepG2; K562","ENCFF244ROK; ENCFF271QTZ; ENCFF291XES; ENCFF827GWN"
"ATF4","RAET1G",7,11,"HepG2; K562","ENCFF063OWC; ENCFF387VTI; ENCFF510BCH; ENCFF647WFG; ENCFF774BEC; ENCFF790XQI; ENCFF827GWN"
"ATF4","RAET1L",3,3,"HepG2; K562","ENCFF646IHV; ENCFF872NFM; ENCFF970NGB"
"ATF4","ULBP1",40,48,"HepG2; K562","ENCFF003DIJ; ENCFF086TAD; ENCFF121PUN; ENCFF148EKP; ENCFF182MNO; ENCFF244ROK; ENCFF250MUC; ENCFF271QTZ; ENCFF291XES; ENCFF357COB; ENCFF359LNM; ENCFF387VTI; ENCFF429QTL; ENCFF467EGX; ENCFF483XFR; ENCFF510BCH; ENCFF519GKM; ENCFF521HYG; ENCFF535BIN; ENCFF548UHD; ENCFF607BPI; ENCFF639COT; ENCFF646IHV; ENCFF662WXX; ENCFF743YVY; ENCFF768ZDS; ENCFF771LVW; ENCFF774BEC; ENCFF790XQI; ENCFF827GWN; ENCFF843PIU; ENCFF872NFM; ENCFF885VKD; ENCFF905VLK; ENCFF907SPZ; ENCFF921XMX; ENCFF939ZCA; ENCFF947KSU; ENCFF950ICB; ENCFF970NGB"
"ATF4","ULBP2",5,7,"K562","ENCFF003DIJ; ENCFF271QTZ; ENCFF429QTL; ENCFF774BEC; ENCFF872NFM"
"ATF4","ULBP3",11,21,"HepG2; K562","ENCFF063OWC; ENCFF491DNM; ENCFF548UHD; ENCFF607BPI; ENCFF647WFG; ENCFF710IEF; ENCFF827GWN; ENCFF872NFM; ENCFF921XMX; ENCFF947KSU; ENCFF970NGB"
"ATF6","MICA",9,31,"HepG2; K562","ENCFF105WAC; ENCFF154UJU; ENCFF216AMJ; ENCFF232NCQ; ENCFF342MAS; ENCFF406IRW; ENCFF415HVQ; ENCFF674HBS; ENCFF814ZYV"
"ATF6","MICB",11,24,"HepG2; K562","ENCFF105WAC; ENCFF154UJU; ENCFF216AMJ; ENCFF232NCQ; ENCFF342MAS; ENCFF406IRW; ENCFF415HVQ; ENCFF549ZNP; ENCFF660KDQ; ENCFF674HBS; ENCFF739XBN"
"ATF6","RAET1E",3,5,"HepG2","ENCFF232NCQ; ENCFF406IRW; ENCFF415HVQ"
"ATF6","ULBP1",7,17,"K562","ENCFF105WAC; ENCFF216AMJ; ENCFF342MAS; ENCFF674HBS; ENCFF814ZYV; ENCFF863ZFH; ENCFF913KVF"
"ATF6","ULBP2",7,9,"K562","ENCFF105WAC; ENCFF216AMJ; ENCFF342MAS; ENCFF674HBS; ENCFF814ZYV; ENCFF863ZFH; ENCFF913KVF"
"ATF7","MICA",32,69,"HepG2; K562; MCF-7","ENCFF008RBL; ENCFF015TCM; ENCFF053GQK; ENCFF096AMF; ENCFF116GFV; ENCFF137UAX; ENCFF203GOA; ENCFF226BRD; ENCFF260ZHZ; ENCFF276IMS; ENCFF277MGQ; ENCFF302KGG; ENCFF320ACQ; ENCFF321GWY; ENCFF371SJR; ENCFF374YBP; ENCFF378JZX; ENCFF391ODX; ENCFF406CRS; ENCFF440TAH; ENCFF504GFG; ENCFF565ZYL; ENCFF819OTE; ENCFF907ZPT; ENCFF910YCU; ENCFF926YYG; ENCFF951BFN; ENCFF953PPE; ENCFF976WEW; ENCFF988VFA; ENCFF989QUL; ENCFF998CHH"
"ATF7","MICB",28,58,"HepG2; K562; MCF-7","ENCFF053GQK; ENCFF096AMF; ENCFF116GFV; ENCFF137TPO; ENCFF203GOA; ENCFF260ZHZ; ENCFF277MGQ; ENCFF280UZU; ENCFF302KGG; ENCFF320ACQ; ENCFF371SJR; ENCFF378JZX; ENCFF391ODX; ENCFF440TAH; ENCFF465PTA; ENCFF556TCV; ENCFF565ZYL; ENCFF606UFV; ENCFF611BUY; ENCFF684VZS; ENCFF819OTE; ENCFF821WIF; ENCFF868QLL; ENCFF910YCU; ENCFF926YYG; ENCFF951BFN; ENCFF953PPE; ENCFF976WEW"
"ATF7","RAET1E",18,22,"HepG2; K562; MCF-7","ENCFF053GQK; ENCFF226BRD; ENCFF277MGQ; ENCFF302KGG; ENCFF320ACQ; ENCFF378JZX; ENCFF440TAH; ENCFF556TCV; ENCFF565ZYL; ENCFF571UHE; ENCFF606UFV; ENCFF684VZS; ENCFF819OTE; ENCFF821WIF; ENCFF910YCU; ENCFF926YYG; ENCFF976WEW; ENCFF988VFA"
"ATF7","RAET1G",19,28,"HepG2; K562; MCF-7","ENCFF053GQK; ENCFF078LOY; ENCFF137TPO; ENCFF203GOA; ENCFF226BRD; ENCFF277MGQ; ENCFF302KGG; ENCFF374YBP; ENCFF378JZX; ENCFF391ODX; ENCFF440TAH; ENCFF556TCV; ENCFF565ZYL; ENCFF606UFV; ENCFF819OTE; ENCFF833YAM; ENCFF910YCU; ENCFF926YYG; ENCFF976WEW"
"ATF7","RAET1L",17,23,"HepG2; K562; MCF-7","ENCFF015TCM; ENCFF053GQK; ENCFF137TPO; ENCFF137UAX; ENCFF203GOA; ENCFF260ZHZ; ENCFF277MGQ; ENCFF391ODX; ENCFF556TCV; ENCFF565ZYL; ENCFF606UFV; ENCFF611BUY; ENCFF684VZS; ENCFF819OTE; ENCFF926YYG; ENCFF988VFA; ENCFF989QUL"
"ATF7","ULBP1",32,52,"HepG2; K562; MCF-7","ENCFF008RBL; ENCFF015TCM; ENCFF053GQK; ENCFF078LOY; ENCFF096AMF; ENCFF116GFV; ENCFF137TPO; ENCFF137UAX; ENCFF203GOA; ENCFF226BRD; ENCFF260ZHZ; ENCFF277MGQ; ENCFF320ACQ; ENCFF371SJR; ENCFF378JZX; ENCFF391ODX; ENCFF406CRS; ENCFF440TAH; ENCFF465PTA; ENCFF556TCV; ENCFF565ZYL; ENCFF571UHE; ENCFF611BUY; ENCFF684VZS; ENCFF819OTE; ENCFF907ZPT; ENCFF910YCU; ENCFF926YYG; ENCFF951BFN; ENCFF953PPE; ENCFF988VFA; ENCFF989QUL"
"ATF7","ULBP2",25,40,"HepG2; K562; MCF-7","ENCFF008RBL; ENCFF053GQK; ENCFF116GFV; ENCFF137TPO; ENCFF137UAX; ENCFF226BRD; ENCFF277MGQ; ENCFF320ACQ; ENCFF371SJR; ENCFF374YBP; ENCFF378JZX; ENCFF440TAH; ENCFF465PTA; ENCFF556TCV; ENCFF571UHE; ENCFF684VZS; ENCFF819OTE; ENCFF833YAM; ENCFF910YCU; ENCFF926YYG; ENCFF951BFN; ENCFF953PPE; ENCFF988VFA; ENCFF989QUL; ENCFF998CHH"
"ATF7","ULBP3",30,55,"HepG2; K562; MCF-7","ENCFF015TCM; ENCFF053GQK; ENCFF096AMF; ENCFF116GFV; ENCFF203GOA; ENCFF277MGQ; ENCFF280UZU; ENCFF302KGG; ENCFF320ACQ; ENCFF371SJR; ENCFF374YBP; ENCFF378JZX; ENCFF391ODX; ENCFF440TAH; ENCFF556TCV; ENCFF565ZYL; ENCFF606UFV; ENCFF611BUY; ENCFF658YLW; ENCFF684VZS; ENCFF819OTE; ENCFF821WIF; ENCFF868QLL; ENCFF907ZPT; ENCFF910YCU; ENCFF926YYG; ENCFF951BFN; ENCFF953PPE; ENCFF976WEW; ENCFF998CHH"
"BACH1","MICA",20,41,"K562","ENCFF026BDA; ENCFF063XMG; ENCFF070TER; ENCFF091TOR; ENCFF222GZQ; ENCFF254CVJ; ENCFF276CQA; ENCFF356MDE; ENCFF416UYQ; ENCFF443POG; ENCFF528PVS; ENCFF603QNY; ENCFF678TXX; ENCFF706CJY; ENCFF755GPS; ENCFF772XDS; ENCFF795UBE; ENCFF830GYV; ENCFF877YDP; ENCFF920UVB"
"BACH1","MICB",17,34,"K562","ENCFF063XMG; ENCFF091TOR; ENCFF107CCL; ENCFF222GZQ; ENCFF276CQA; ENCFF356MDE; ENCFF443POG; ENCFF469YOH; ENCFF528PVS; ENCFF603QNY; ENCFF706CJY; ENCFF755GPS; ENCFF772XDS; ENCFF795UBE; ENCFF820FCA; ENCFF830GYV; ENCFF920UVB"
"BACH1","RAET1E",14,30,"K562","ENCFF063XMG; ENCFF070TER; ENCFF107CCL; ENCFF222GZQ; ENCFF276CQA; ENCFF356MDE; ENCFF443POG; ENCFF706CJY; ENCFF755GPS; ENCFF772XDS; ENCFF795UBE; ENCFF830GYV; ENCFF877YDP; ENCFF920UVB"
"BACH1","RAET1G",4,4,"K562","ENCFF091TOR; ENCFF107CCL; ENCFF276CQA; ENCFF830GYV"
"BACH1","RAET1L",4,5,"K562","ENCFF356MDE; ENCFF755GPS; ENCFF772XDS; ENCFF830GYV"
"BACH1","ULBP1",14,20,"K562","ENCFF063XMG; ENCFF070TER; ENCFF091TOR; ENCFF222GZQ; ENCFF276CQA; ENCFF356MDE; ENCFF443POG; ENCFF553DTU; ENCFF706CJY; ENCFF755GPS; ENCFF772XDS; ENCFF795UBE; ENCFF830GYV; ENCFF877YDP"
"BACH1","ULBP2",3,6,"K562","ENCFF063XMG; ENCFF356MDE; ENCFF795UBE"
"BACH1","ULBP3",10,25,"K562","ENCFF063XMG; ENCFF091TOR; ENCFF107CCL; ENCFF319BCP; ENCFF469YOH; ENCFF603QNY; ENCFF755GPS; ENCFF772XDS; ENCFF820FCA; ENCFF920UVB"
"CEBPB","MICA",98,145,"A549; HeLa-S3; HepG2; Ishikawa; K562; MCF-7","ENCFF003ANH; ENCFF014TJO; ENCFF017OFK; ENCFF022KBK; ENCFF033EDJ; ENCFF053BQQ; ENCFF055JYQ; ENCFF077ATS; ENCFF099EFN; ENCFF110ELV; ENCFF127HAK; ENCFF128EAB; ENCFF140VZF; ENCFF157DSR; ENCFF161RTC; ENCFF166VYN; ENCFF174YEH; ENCFF189ZQR; ENCFF196UZE; ENCFF212BQE; ENCFF217UNF; ENCFF220UJA; ENCFF240ZHW; ENCFF243SPU; ENCFF245FWW; ENCFF258YCI; ENCFF263GAK; ENCFF266QUX; ENCFF278VAE; ENCFF292QLD; ENCFF301CNM; ENCFF309ZJM; ENCFF312FPE; ENCFF321KQD; ENCFF325VBX; ENCFF335BUX; ENCFF342QGM; ENCFF365REH; ENCFF430JQO; ENCFF433HFC; ENCFF439QLD; ENCFF441YTV; ENCFF450DFK; ENCFF454FFN; ENCFF461ZHK; ENCFF469KYB; ENCFF486ZBQ; ENCFF488CCC; ENCFF498VXG; ENCFF518ECW; ENCFF519FSK; ENCFF522BSB; ENCFF524GTV; ENCFF547SJG; ENCFF556OZO; ENCFF557BWM; ENCFF561QKK; ENCFF562LCU; ENCFF569UZW; ENCFF592ZPR; ENCFF610KGE; ENCFF617IIQ; ENCFF636UZV; ENCFF648FRJ; ENCFF658HYK; ENCFF679MVX; ENCFF679REG; ENCFF696GSE; ENCFF712GEQ; ENCFF712ZNR; ENCFF716JKY; ENCFF717JGJ; ENCFF737ZVZ; ENCFF761UZG; ENCFF813LOW; ENCFF817MVX; ENCFF824TMR; ENCFF838RSB; ENCFF858KWK; ENCFF862DXR; ENCFF866CXB; ENCFF877KDO; ENCFF882ARK; ENCFF886PVT; ENCFF891QTR; ENCFF893DND; ENCFF894YJQ; ENCFF907ZDN; ENCFF915ZYE; ENCFF922EWR; ENCFF948BKC; ENCFF955JHD; ENCFF963XUA; ENCFF970ORV; ENCFF983UDO; ENCFF988CGH; ENCFF992CFH; ENCFF993SCW"
"CEBPB","MICB",67,115,"A549; HCT116; HeLa-S3; HepG2; Ishikawa; K562","ENCFF003ANH; ENCFF033EDJ; ENCFF053BQQ; ENCFF055JYQ; ENCFF067KEJ; ENCFF073ACH; ENCFF080TQH; ENCFF099EFN; ENCFF110ELV; ENCFF140VZF; ENCFF143EHM; ENCFF157DSR; ENCFF166VYN; ENCFF174YEH; ENCFF189ZQR; ENCFF206BMO; ENCFF212BQE; ENCFF220UJA; ENCFF258YCI; ENCFF266QUX; ENCFF292QLD; ENCFF301CNM; ENCFF309ZJM; ENCFF312FPE; ENCFF325VBX; ENCFF335BUX; ENCFF359DUK; ENCFF365REH; ENCFF408FLA; ENCFF433HFC; ENCFF439QLD; ENCFF441YTV; ENCFF450DFK; ENCFF461ZHK; ENCFF469KYB; ENCFF486ZBQ; ENCFF488CCC; ENCFF518ECW; ENCFF519FSK; ENCFF522BSB; ENCFF547SJG; ENCFF562LCU; ENCFF610KGE; ENCFF648FRJ; ENCFF658HYK; ENCFF679MVX; ENCFF679REG; ENCFF684XQE; ENCFF712ZNR; ENCFF717JGJ; ENCFF755NTM; ENCFF761UZG; ENCFF774DWR; ENCFF817MVX; ENCFF824TMR; ENCFF838RSB; ENCFF858KWK; ENCFF866CXB; ENCFF877KDO; ENCFF882ARK; ENCFF891QTR; ENCFF922EWR; ENCFF955JHD; ENCFF963XUA; ENCFF970ORV; ENCFF983UDO; ENCFF993SCW"
"CEBPB","RAET1E",54,77,"A549; HCT116; HeLa-S3; HepG2; Ishikawa; K562; MCF-7","ENCFF003ANH; ENCFF014TJO; ENCFF047UIF; ENCFF055JYQ; ENCFF064WDQ; ENCFF067KEJ; ENCFF073ACH; ENCFF077ATS; ENCFF080TQH; ENCFF128EAB; ENCFF220UJA; ENCFF245FWW; ENCFF266QUX; ENCFF292QLD; ENCFF297UUZ; ENCFF312FPE; ENCFF325VBX; ENCFF335BUX; ENCFF365NHC; ENCFF377ZPB; ENCFF418DXC; ENCFF433HFC; ENCFF439QLD; ENCFF454FFN; ENCFF461ZHK; ENCFF495IFK; ENCFF522BSB; ENCFF524GTV; ENCFF562LCU; ENCFF610KGE; ENCFF617IIQ; ENCFF636UZV; ENCFF648FRJ; ENCFF658HYK; ENCFF679REG; ENCFF694VSV; ENCFF696GSE; ENCFF716JKY; ENCFF721KHE; ENCFF735QWM; ENCFF737ZVZ; ENCFF744SEA; ENCFF774DWR; ENCFF778WUW; ENCFF817MVX; ENCFF855UMP; ENCFF891QTR; ENCFF893DND; ENCFF894YJQ; ENCFF955JHD; ENCFF961VDA; ENCFF970ORV; ENCFF988CGH; ENCFF992CFH"
"CEBPB","RAET1G",38,57,"A549; HeLa-S3; HepG2; Ishikawa; K562","ENCFF001VDN; ENCFF001VJZ; ENCFF001VMI; ENCFF003ANH; ENCFF128EAB; ENCFF143EHM; ENCFF174YEH; ENCFF206BMO; ENCFF220UJA; ENCFF266QUX; ENCFF312FPE; ENCFF335BUX; ENCFF359DUK; ENCFF377ZPB; ENCFF408FLA; ENCFF429XKT; ENCFF430JQO; ENCFF433HFC; ENCFF441YTV; ENCFF488XZE; ENCFF519FSK; ENCFF556OZO; ENCFF578MYY; ENCFF610KGE; ENCFF648FRJ; ENCFF658HYK; ENCFF684XQE; ENCFF694VSV; ENCFF696GSE; ENCFF721KHE; ENCFF755NTM; ENCFF774DWR; ENCFF817MVX; ENCFF819GCB; ENCFF891QTR; ENCFF922EWR; ENCFF970ORV; ENCFF988CGH"
"CEBPB","RAET1L",26,30,"A549; HeLa-S3; HepG2; Ishikawa; K562; MCF-7","ENCFF001VIA; ENCFF002CSA; ENCFF003ANH; ENCFF174YEH; ENCFF220UJA; ENCFF266QUX; ENCFF312FPE; ENCFF325VBX; ENCFF408FLA; ENCFF433HFC; ENCFF439QLD; ENCFF454FFN; ENCFF461ZHK; ENCFF486ZBQ; ENCFF519FSK; ENCFF522BSB; ENCFF578MYY; ENCFF610KGE; ENCFF636UZV; ENCFF679MVX; ENCFF694VSV; ENCFF774DWR; ENCFF891QTR; ENCFF955JHD; ENCFF970ORV; ENCFF988CGH"
"CEBPB","ULBP1",124,146,"A549; HCT116; HeLa-S3; HepG2; Ishikawa; K562; MCF-7","ENCFF001VJZ; ENCFF003ANH; ENCFF014TJO; ENCFF022KBK; ENCFF033EDJ; ENCFF047UIF; ENCFF055JYQ; ENCFF064WDQ; ENCFF067KEJ; ENCFF073ACH; ENCFF077ATS; ENCFF093TVZ; ENCFF110ELV; ENCFF127HAK; ENCFF128EAB; ENCFF143EHM; ENCFF147DAN; ENCFF155LGO; ENCFF161RTC; ENCFF166VYN; ENCFF174YEH; ENCFF189ZQR; ENCFF196UZE; ENCFF198LWT; ENCFF206BMO; ENCFF212BQE; ENCFF220UJA; ENCFF231HJU; ENCFF240ZHW; ENCFF243SPU; ENCFF245FWW; ENCFF258YCI; ENCFF263GAK; ENCFF266QUX; ENCFF278VAE; ENCFF290FEC; ENCFF292QLD; ENCFF297UUZ; ENCFF309ZJM; ENCFF312FPE; ENCFF317GVT; ENCFF321KQD; ENCFF325VBX; ENCFF331KUW; ENCFF335BUX; ENCFF365NHC; ENCFF365REH; ENCFF369KTZ; ENCFF377ZPB; ENCFF408FLA; ENCFF418DXC; ENCFF430JQO; ENCFF433HFC; ENCFF438TZY; ENCFF439QLD; ENCFF441YTV; ENCFF450DFK; ENCFF454FFN; ENCFF461ZHK; ENCFF469KYB; ENCFF486ZBQ; ENCFF488CCC; ENCFF488XZE; ENCFF495IFK; ENCFF498VXG; ENCFF518ECW; ENCFF519FSK; ENCFF522BSB; ENCFF524GTV; ENCFF547SJG; ENCFF556OZO; ENCFF557BWM; ENCFF561QKK; ENCFF562LCU; ENCFF569UZW; ENCFF578MYY; ENCFF592ZPR; ENCFF610KGE; ENCFF611OIJ; ENCFF614GOC; ENCFF617IIQ; ENCFF623VYN; ENCFF636UZV; ENCFF648FRJ; ENCFF648XUD; ENCFF658HYK; ENCFF679MVX; ENCFF679REG; ENCFF684XQE; ENCFF696GSE; ENCFF712GEQ; ENCFF712ZNR; ENCFF716JKY; ENCFF721KHE; ENCFF737ZVZ; ENCFF744SEA; ENCFF761UZG; ENCFF774DWR; ENCFF778WUW; ENCFF787GDS; ENCFF807VKU; ENCFF813LOW; ENCFF817MVX; ENCFF828JWK; ENCFF838RSB; ENCFF855UMP; ENCFF858KWK; ENCFF877KDO; ENCFF882ARK; ENCFF891QTR; ENCFF893DND; ENCFF894YJQ; ENCFF907ZDN; ENCFF922EWR; ENCFF948BKC; ENCFF955JHD; ENCFF961VDA; ENCFF963FVR; ENCFF963XUA; ENCFF970ORV; ENCFF983UDO; ENCFF988CGH; ENCFF992CFH; ENCFF993SCW"
"CEBPB","ULBP2",17,19,"HepG2; Ishikawa; K562; MCF-7","ENCFF003ANH; ENCFF055JYQ; ENCFF143EHM; ENCFF174YEH; ENCFF220UJA; ENCFF258YCI; ENCFF266QUX; ENCFF359DUK; ENCFF433HFC; ENCFF454FFN; ENCFF461ZHK; ENCFF557BWM; ENCFF679MVX; ENCFF684XQE; ENCFF755NTM; ENCFF891QTR; ENCFF988CGH"
"CEBPB","ULBP3",33,59,"A549; HeLa-S3; HepG2; Ishikawa; K562; MCF-7","ENCFF001VIA; ENCFF003ANH; ENCFF073ACH; ENCFF110ELV; ENCFF128EAB; ENCFF143EHM; ENCFF174YEH; ENCFF220UJA; ENCFF231HJU; ENCFF312FPE; ENCFF359DUK; ENCFF408FLA; ENCFF439QLD; ENCFF441YTV; ENCFF486ZBQ; ENCFF488XZE; ENCFF519FSK; ENCFF557BWM; ENCFF578MYY; ENCFF610KGE; ENCFF617IIQ; ENCFF679MVX; ENCFF684XQE; ENCFF694VSV; ENCFF696GSE; ENCFF716JKY; ENCFF721KHE; ENCFF755NTM; ENCFF774DWR; ENCFF817MVX; ENCFF891QTR; ENCFF970ORV; ENCFF992CFH"
"CEBPD","MICA",6,16,"HepG2","ENCFF166MTG; ENCFF203VPU; ENCFF695HDO; ENCFF784EXR; ENCFF880CFQ; ENCFF977SHT"
"CEBPD","MICB",5,9,"HepG2","ENCFF203VPU; ENCFF695HDO; ENCFF880CFQ; ENCFF929XBL; ENCFF977SHT"
"CEBPD","RAET1G",2,5,"HepG2","ENCFF880CFQ; ENCFF977SHT"
"CEBPD","ULBP1",3,3,"HepG2","ENCFF203VPU; ENCFF695HDO; ENCFF977SHT"
"CEBPD","ULBP3",2,2,"HepG2","ENCFF203VPU; ENCFF880CFQ"
"CLOCK","MICA",24,46,"K562; MCF-7","ENCFF009FWE; ENCFF025SMR; ENCFF026GGP; ENCFF053IKJ; ENCFF060LKL; ENCFF305CRL; ENCFF320SOL; ENCFF467LRK; ENCFF489TPP; ENCFF492NVG; ENCFF510BTR; ENCFF535WCX; ENCFF690ZUG; ENCFF719FBB; ENCFF727VKV; ENCFF729JFO; ENCFF779SSK; ENCFF814ZPW; ENCFF852HVU; ENCFF922DWK; ENCFF968CCL; ENCFF973EYQ; ENCFF979PYB; ENCFF999EYH"
"CLOCK","MICB",18,29,"K562; MCF-7","ENCFF009FWE; ENCFF026GGP; ENCFF060LKL; ENCFF320SOL; ENCFF467LRK; ENCFF489TPP; ENCFF492NVG; ENCFF510BTR; ENCFF535WCX; ENCFF690ZUG; ENCFF719FBB; ENCFF729JFO; ENCFF779SSK; ENCFF852HVU; ENCFF922DWK; ENCFF968CCL; ENCFF979PYB; ENCFF999EYH"
"CLOCK","RAET1E",17,26,"MCF-7","ENCFF009FWE; ENCFF304PKL; ENCFF320SOL; ENCFF467LRK; ENCFF489TPP; ENCFF492NVG; ENCFF535WCX; ENCFF646NKR; ENCFF700KCM; ENCFF719FBB; ENCFF729JFO; ENCFF779SSK; ENCFF852HVU; ENCFF922DWK; ENCFF968CCL; ENCFF979PYB; ENCFF999EYH"
"CLOCK","RAET1G",6,9,"K562; MCF-7","ENCFF026GGP; ENCFF467LRK; ENCFF690ZUG; ENCFF727VKV; ENCFF979PYB; ENCFF999EYH"
"CLOCK","RAET1L",9,9,"K562; MCF-7","ENCFF009FWE; ENCFF026GGP; ENCFF489TPP; ENCFF492NVG; ENCFF690ZUG; ENCFF779SSK; ENCFF922DWK; ENCFF968CCL; ENCFF999EYH"
"CLOCK","ULBP1",20,35,"K562; MCF-7","ENCFF009FWE; ENCFF053IKJ; ENCFF304PKL; ENCFF305CRL; ENCFF320SOL; ENCFF489TPP; ENCFF492NVG; ENCFF510BTR; ENCFF622TWI; ENCFF646NKR; ENCFF690ZUG; ENCFF719FBB; ENCFF727VKV; ENCFF729JFO; ENCFF779SSK; ENCFF852HVU; ENCFF922DWK; ENCFF968CCL; ENCFF979PYB; ENCFF999EYH"
"CLOCK","ULBP2",16,23,"MCF-7","ENCFF009FWE; ENCFF053IKJ; ENCFF304PKL; ENCFF320SOL; ENCFF467LRK; ENCFF489TPP; ENCFF492NVG; ENCFF535WCX; ENCFF646NKR; ENCFF719FBB; ENCFF729JFO; ENCFF779SSK; ENCFF852HVU; ENCFF922DWK; ENCFF968CCL; ENCFF999EYH"
"CLOCK","ULBP3",15,34,"MCF-7","ENCFF009FWE; ENCFF053IKJ; ENCFF187IFX; ENCFF304PKL; ENCFF320SOL; ENCFF359WMP; ENCFF467LRK; ENCFF492NVG; ENCFF535WCX; ENCFF646NKR; ENCFF700KCM; ENCFF852HVU; ENCFF922DWK; ENCFF979PYB; ENCFF999EYH"
"CREB1","MICA",73,147,"HepG2; Ishikawa; K562; MCF-7","ENCFF011VUP; ENCFF040JIX; ENCFF048HHX; ENCFF084AFZ; ENCFF088MWJ; ENCFF112JIR; ENCFF193LLN; ENCFF197SWC; ENCFF221DBR; ENCFF228LSW; ENCFF239TWR; ENCFF259FVH; ENCFF304FKQ; ENCFF308VBF; ENCFF322HPX; ENCFF351PGN; ENCFF365ROK; ENCFF385XQX; ENCFF394SDE; ENCFF409VNY; ENCFF410YVI; ENCFF414DXJ; ENCFF414SQZ; ENCFF422AIU; ENCFF459EOD; ENCFF466AJA; ENCFF493SBE; ENCFF495PCJ; ENCFF501VID; ENCFF521INM; ENCFF562YGL; ENCFF564YGY; ENCFF567EYJ; ENCFF570YMS; ENCFF571FVN; ENCFF571MPI; ENCFF576BKY; ENCFF590IQB; ENCFF623IEY; ENCFF626DLW; ENCFF634HLA; ENCFF644LDW; ENCFF648PUH; ENCFF671WVR; ENCFF678ART; ENCFF680TBL; ENCFF682FEJ; ENCFF689VYE; ENCFF696OVM; ENCFF706PKI; ENCFF708DXF; ENCFF721HDQ; ENCFF721SZO; ENCFF723HSS; ENCFF724XGS; ENCFF731OHW; ENCFF732KKY; ENCFF734WVJ; ENCFF738LQC; ENCFF742EMB; ENCFF747DHB; ENCFF790WFD; ENCFF836OIF; ENCFF847AGG; ENCFF901ZBM; ENCFF904MXP; ENCFF945FRP; ENCFF949ZLO; ENCFF951GQB; ENCFF955MFB; ENCFF970QKS; ENCFF975EVE; ENCFF977BLL"
"CREB1","MICB",49,62,"HepG2; Ishikawa; K562; MCF-7","ENCFF048HHX; ENCFF088MWJ; ENCFF112JIR; ENCFF193LLN; ENCFF239TWR; ENCFF245TIS; ENCFF304FKQ; ENCFF308VBF; ENCFF365ROK; ENCFF385XQX; ENCFF394SDE; ENCFF409VNY; ENCFF410YVI; ENCFF414DXJ; ENCFF414SQZ; ENCFF422AIU; ENCFF459EOD; ENCFF466AJA; ENCFF493SBE; ENCFF501VID; ENCFF521INM; ENCFF567EYJ; ENCFF571MPI; ENCFF576BKY; ENCFF590IQB; ENCFF599FYT; ENCFF623IEY; ENCFF626DLW; ENCFF634HLA; ENCFF644LDW; ENCFF671WVR; ENCFF682FEJ; ENCFF689VYE; ENCFF696OVM; ENCFF708DXF; ENCFF721HDQ; ENCFF732KKY; ENCFF734WVJ; ENCFF738LQC; ENCFF742EMB; ENCFF836OIF; ENCFF847AGG; ENCFF883LRJ; ENCFF904MXP; ENCFF945FRP; ENCFF949ZLO; ENCFF951GQB; ENCFF970QKS; ENCFF975EVE"
"CREB1","RAET1E",21,29,"HepG2; Ishikawa; K562; MCF-7","ENCFF011VUP; ENCFF197SWC; ENCFF385XQX; ENCFF414SQZ; ENCFF422AIU; ENCFF466AJA; ENCFF501VID; ENCFF521INM; ENCFF567EYJ; ENCFF570YMS; ENCFF626DLW; ENCFF628ATN; ENCFF680TBL; ENCFF689VYE; ENCFF696OVM; ENCFF708DXF; ENCFF732KKY; ENCFF901ZBM; ENCFF949ZLO; ENCFF951GQB; ENCFF975EVE"
"CREB1","RAET1G",36,43,"HepG2; Ishikawa; K562; MCF-7","ENCFF011VUP; ENCFF040JIX; ENCFF088MWJ; ENCFF112JIR; ENCFF239TWR; ENCFF304FKQ; ENCFF385XQX; ENCFF394SDE; ENCFF414DXJ; ENCFF414SQZ; ENCFF422AIU; ENCFF459EOD; ENCFF466AJA; ENCFF501VID; ENCFF567EYJ; ENCFF570YMS; ENCFF590IQB; ENCFF623IEY; ENCFF626DLW; ENCFF644LDW; ENCFF680TBL; ENCFF682FEJ; ENCFF689VYE; ENCFF696OVM; ENCFF721HDQ; ENCFF734WVJ; ENCFF738LQC; ENCFF747DHB; ENCFF773EPS; ENCFF790WFD; ENCFF901ZBM; ENCFF904MXP; ENCFF945FRP; ENCFF949ZLO; ENCFF951GQB; ENCFF975EVE"
"CREB1","RAET1L",17,22,"HepG2; Ishikawa; K562; MCF-7","ENCFF011VUP; ENCFF040JIX; ENCFF088MWJ; ENCFF239TWR; ENCFF269RLS; ENCFF304FKQ; ENCFF385XQX; ENCFF414SQZ; ENCFF422AIU; ENCFF466AJA; ENCFF567EYJ; ENCFF628ATN; ENCFF680TBL; ENCFF689VYE; ENCFF696OVM; ENCFF790WFD; ENCFF949ZLO"
"CREB1","ULBP1",79,95,"HepG2; Ishikawa; K562; MCF-7","ENCFF011VUP; ENCFF030DLI; ENCFF048HHX; ENCFF085QRM; ENCFF088MWJ; ENCFF112JIR; ENCFF118VTU; ENCFF142BHB; ENCFF167JLX; ENCFF193LLN; ENCFF197SWC; ENCFF224GRD; ENCFF228LSW; ENCFF230CPK; ENCFF236YZF; ENCFF239TWR; ENCFF245TIS; ENCFF259FVH; ENCFF269RLS; ENCFF277JYZ; ENCFF304FKQ; ENCFF314KET; ENCFF356LKG; ENCFF385XQX; ENCFF394SDE; ENCFF409VNY; ENCFF410YVI; ENCFF414DXJ; ENCFF414SQZ; ENCFF422AIU; ENCFF442QPB; ENCFF459EOD; ENCFF462DNS; ENCFF466AJA; ENCFF493SBE; ENCFF495PCJ; ENCFF501VID; ENCFF520ETY; ENCFF521INM; ENCFF550TXR; ENCFF562YGL; ENCFF564YGY; ENCFF567EYJ; ENCFF570YMS; ENCFF576BKY; ENCFF590IQB; ENCFF599FYT; ENCFF623IEY; ENCFF626DLW; ENCFF628ATN; ENCFF634HLA; ENCFF644LDW; ENCFF671WVR; ENCFF678ART; ENCFF680TBL; ENCFF682FEJ; ENCFF689VYE; ENCFF696OVM; ENCFF706PKI; ENCFF708DXF; ENCFF721HDQ; ENCFF731OHW; ENCFF734WVJ; ENCFF738LQC; ENCFF747DHB; ENCFF754WVZ; ENCFF773EPS; ENCFF841ZKW; ENCFF847AGG; ENCFF852AAQ; ENCFF852CYZ; ENCFF883LRJ; ENCFF901ZBM; ENCFF945FRP; ENCFF949ZLO; ENCFF951GQB; ENCFF970QKS; ENCFF975EVE; ENCFF977BLL"
"CREB1","ULBP2",69,98,"HepG2; Ishikawa; K562; MCF-7","ENCFF011VUP; ENCFF030DLI; ENCFF048HHX; ENCFF085QRM; ENCFF088MWJ; ENCFF112JIR; ENCFF118VTU; ENCFF142BHB; ENCFF167JLX; ENCFF193LLN; ENCFF197SWC; ENCFF224GRD; ENCFF230CPK; ENCFF239TWR; ENCFF245TIS; ENCFF259FVH; ENCFF277JYZ; ENCFF304FKQ; ENCFF351PGN; ENCFF356LKG; ENCFF385XQX; ENCFF394SDE; ENCFF409VNY; ENCFF414DXJ; ENCFF414SQZ; ENCFF422AIU; ENCFF442QPB; ENCFF459EOD; ENCFF462DNS; ENCFF466AJA; ENCFF493SBE; ENCFF495PCJ; ENCFF501VID; ENCFF556YAO; ENCFF562YGL; ENCFF567EYJ; ENCFF570YMS; ENCFF576BKY; ENCFF590IQB; ENCFF599FYT; ENCFF623IEY; ENCFF626DLW; ENCFF628ATN; ENCFF634HLA; ENCFF644LDW; ENCFF671WVR; ENCFF678ART; ENCFF682FEJ; ENCFF689VYE; ENCFF696OVM; ENCFF706PKI; ENCFF720NAW; ENCFF721HDQ; ENCFF731OHW; ENCFF732KKY; ENCFF734WVJ; ENCFF747DHB; ENCFF783CTL; ENCFF790WFD; ENCFF841ZKW; ENCFF847AGG; ENCFF852CYZ; ENCFF883LRJ; ENCFF901ZBM; ENCFF949ZLO; ENCFF951GQB; ENCFF970QKS; ENCFF975EVE; ENCFF977BLL"
"CREB1","ULBP3",52,99,"HepG2; Ishikawa; K562; MCF-7","ENCFF001UFM; ENCFF001UJI; ENCFF040JIX; ENCFF088MWJ; ENCFF112JIR; ENCFF118VTU; ENCFF127RVQ; ENCFF161PGD; ENCFF197SWC; ENCFF269RLS; ENCFF304FKQ; ENCFF351PGN; ENCFF365ROK; ENCFF385XQX; ENCFF394SDE; ENCFF409VNY; ENCFF414DXJ; ENCFF414SQZ; ENCFF422AIU; ENCFF445LQN; ENCFF466AJA; ENCFF493SBE; ENCFF495PCJ; ENCFF521INM; ENCFF562YGL; ENCFF567EYJ; ENCFF570YMS; ENCFF590IQB; ENCFF626DLW; ENCFF628ATN; ENCFF634HLA; ENCFF639VNB; ENCFF644LDW; ENCFF680TBL; ENCFF682FEJ; ENCFF696OVM; ENCFF708DXF; ENCFF721HDQ; ENCFF732KKY; ENCFF747DHB; ENCFF773EPS; ENCFF783CTL; ENCFF790WFD; ENCFF835UPN; ENCFF847AGG; ENCFF874EVS; ENCFF883LRJ; ENCFF897YHB; ENCFF901ZBM; ENCFF949ZLO; ENCFF951GQB; ENCFF975EVE"
"CREB3","MICA",14,43,"HepG2; K562","ENCFF114SXF; ENCFF144YEZ; ENCFF179CUH; ENCFF313HJO; ENCFF328JKG; ENCFF406GZA; ENCFF476ZIX; ENCFF573MKN; ENCFF636AYI; ENCFF701RAG; ENCFF749ZWZ; ENCFF785YEU; ENCFF813UQL; ENCFF829IEE"
"CREB3","MICB",15,38,"HepG2; K562","ENCFF144YEZ; ENCFF179CUH; ENCFF313HJO; ENCFF328JKG; ENCFF406GZA; ENCFF459GME; ENCFF476ZIX; ENCFF572YZB; ENCFF573MKN; ENCFF636AYI; ENCFF665FHC; ENCFF701RAG; ENCFF749ZWZ; ENCFF785YEU; ENCFF813UQL"
"CREB3","RAET1E",4,5,"K562","ENCFF313HJO; ENCFF476ZIX; ENCFF572YZB; ENCFF701RAG"
"CREB3","RAET1G",4,7,"HepG2; K562","ENCFF144YEZ; ENCFF328JKG; ENCFF573MKN; ENCFF749ZWZ"
"CREB3","RAET1L",1,1,"K562","ENCFF573MKN"
"CREB3","ULBP1",10,14,"K562","ENCFF179CUH; ENCFF313HJO; ENCFF328JKG; ENCFF406GZA; ENCFF476ZIX; ENCFF572YZB; ENCFF573MKN; ENCFF701RAG; ENCFF738FFA; ENCFF813UQL"
"CREB3","ULBP2",6,7,"K562","ENCFF328JKG; ENCFF476ZIX; ENCFF572YZB; ENCFF573MKN; ENCFF701RAG; ENCFF813UQL"
"CREB3","ULBP3",9,23,"HepG2; K562","ENCFF313HJO; ENCFF328JKG; ENCFF459GME; ENCFF476ZIX; ENCFF572YZB; ENCFF573MKN; ENCFF665FHC; ENCFF701RAG; ENCFF785YEU"
"CREB3L1","MICA",13,33,"K562","ENCFF255JME; ENCFF493XGB; ENCFF562ERQ; ENCFF566HGU; ENCFF683BJS; ENCFF683UHG; ENCFF853PDJ; ENCFF874WMJ; ENCFF893FDT; ENCFF896WCG; ENCFF914GVW; ENCFF934IZG; ENCFF975MNK"
"CREB3L1","MICB",14,42,"K562","ENCFF255JME; ENCFF493XGB; ENCFF566HGU; ENCFF596CWP; ENCFF683UHG; ENCFF695WCL; ENCFF719MEC; ENCFF853PDJ; ENCFF874WMJ; ENCFF893FDT; ENCFF896HIP; ENCFF896WCG; ENCFF914GVW; ENCFF975MNK"
"CREB3L1","RAET1E",8,14,"K562","ENCFF255JME; ENCFF493XGB; ENCFF683UHG; ENCFF853PDJ; ENCFF874WMJ; ENCFF893FDT; ENCFF896WCG; ENCFF914GVW"
"CREB3L1","RAET1G",5,7,"K562","ENCFF493XGB; ENCFF683UHG; ENCFF853PDJ; ENCFF874WMJ; ENCFF896WCG"
"CREB3L1","RAET1L",7,13,"K562","ENCFF596CWP; ENCFF695WCL; ENCFF719MEC; ENCFF853PDJ; ENCFF893FDT; ENCFF896HIP; ENCFF914GVW"
"CREB3L1","ULBP1",19,32,"K562","ENCFF118GMS; ENCFF255JME; ENCFF493XGB; ENCFF562ERQ; ENCFF566HGU; ENCFF596CWP; ENCFF633XIJ; ENCFF683BJS; ENCFF683UHG; ENCFF695WCL; ENCFF719MEC; ENCFF853PDJ; ENCFF874WMJ; ENCFF893FDT; ENCFF896HIP; ENCFF896WCG; ENCFF914GVW; ENCFF934IZG; ENCFF975MNK"
"CREB3L1","ULBP2",10,22,"K562","ENCFF255JME; ENCFF493XGB; ENCFF683UHG; ENCFF719MEC; ENCFF853PDJ; ENCFF874WMJ; ENCFF893FDT; ENCFF896HIP; ENCFF896WCG; ENCFF914GVW"
"CREB3L1","ULBP3",15,46,"K562","ENCFF255JME; ENCFF313FMB; ENCFF493XGB; ENCFF582YPB; ENCFF596CWP; ENCFF695WCL; ENCFF708GFU; ENCFF719MEC; ENCFF719NIX; ENCFF853PDJ; ENCFF874WMJ; ENCFF893FDT; ENCFF896HIP; ENCFF914GVW; ENCFF975MNK"
"CREM","MICA",28,69,"HepG2; K562","ENCFF005YCH; ENCFF021XJN; ENCFF038RMT; ENCFF045YGD; ENCFF092MMG; ENCFF159OAX; ENCFF178MQH; ENCFF229MGY; ENCFF290UGF; ENCFF294TKX; ENCFF324ELP; ENCFF449HZP; ENCFF458IFS; ENCFF462MIM; ENCFF602FXU; ENCFF646QEC; ENCFF671MMC; ENCFF675MHT; ENCFF744YKK; ENCFF780NWP; ENCFF801JTS; ENCFF812MVF; ENCFF832RYO; ENCFF856HFW; ENCFF871PDU; ENCFF894HZY; ENCFF908LNO; ENCFF916WZZ"
"CREM","MICB",23,54,"HepG2; K562","ENCFF005YCH; ENCFF021XJN; ENCFF038RMT; ENCFF045SMN; ENCFF045YGD; ENCFF148ERZ; ENCFF159OAX; ENCFF178MQH; ENCFF294TKX; ENCFF324ELP; ENCFF357OAA; ENCFF449HZP; ENCFF462MIM; ENCFF477IXW; ENCFF602FXU; ENCFF646QEC; ENCFF671MMC; ENCFF675MHT; ENCFF780NWP; ENCFF801JTS; ENCFF812MVF; ENCFF832RYO; ENCFF856HFW"
"CREM","RAET1E",17,28,"HepG2; K562","ENCFF021XJN; ENCFF029FHZ; ENCFF038RMT; ENCFF045SMN; ENCFF159OAX; ENCFF178MQH; ENCFF294TKX; ENCFF324ELP; ENCFF467KJE; ENCFF477IXW; ENCFF602FXU; ENCFF646QEC; ENCFF671MMC; ENCFF675MHT; ENCFF801JTS; ENCFF832RYO; ENCFF997CFJ"
"CREM","RAET1G",14,21,"HepG2; K562","ENCFF029FHZ; ENCFF045YGD; ENCFF063CRS; ENCFF148ERZ; ENCFF178MQH; ENCFF294TKX; ENCFF357OAA; ENCFF458IFS; ENCFF467KJE; ENCFF602FXU; ENCFF671MMC; ENCFF675MHT; ENCFF801JTS; ENCFF894HZY"
"CREM","RAET1L",10,14,"HepG2; K562","ENCFF029FHZ; ENCFF063CRS; ENCFF294TKX; ENCFF357OAA; ENCFF467KJE; ENCFF477IXW; ENCFF602FXU; ENCFF675MHT; ENCFF801JTS; ENCFF894HZY"
"CREM","ULBP1",15,16,"HepG2; K562","ENCFF021XJN; ENCFF038RMT; ENCFF045YGD; ENCFF159OAX; ENCFF178MQH; ENCFF294TKX; ENCFF324ELP; ENCFF449HZP; ENCFF462MIM; ENCFF602FXU; ENCFF646QEC; ENCFF671MMC; ENCFF675MHT; ENCFF812MVF; ENCFF832RYO"
"CREM","ULBP2",16,16,"HepG2; K562","ENCFF021XJN; ENCFF038RMT; ENCFF045SMN; ENCFF159OAX; ENCFF178MQH; ENCFF294TKX; ENCFF324ELP; ENCFF449HZP; ENCFF602FXU; ENCFF646QEC; ENCFF671MMC; ENCFF675MHT; ENCFF801JTS; ENCFF812MVF; ENCFF832RYO; ENCFF856HFW"
"CREM","ULBP3",16,38,"HepG2; K562","ENCFF029FHZ; ENCFF045SMN; ENCFF063CRS; ENCFF294TKX; ENCFF357OAA; ENCFF467KJE; ENCFF477IXW; ENCFF569NVH; ENCFF602FXU; ENCFF671MMC; ENCFF675MHT; ENCFF693JHE; ENCFF744NXL; ENCFF894HZY; ENCFF948TXN; ENCFF997CFJ"
"CXXC5","MICA",8,33,"K562","ENCFF173XCU; ENCFF328ADS; ENCFF394HTV; ENCFF646BPT; ENCFF705JZP; ENCFF707UQK; ENCFF798LLI; ENCFF843LLP"
"CXXC5","MICB",8,22,"K562","ENCFF173XCU; ENCFF328ADS; ENCFF394HTV; ENCFF646BPT; ENCFF705JZP; ENCFF707UQK; ENCFF798LLI; ENCFF843LLP"
"CXXC5","RAET1G",4,4,"K562","ENCFF173XCU; ENCFF328ADS; ENCFF646BPT; ENCFF843LLP"
"CXXC5","RAET1L",2,2,"K562","ENCFF328ADS; ENCFF843LLP"
"CXXC5","ULBP1",8,9,"K562","ENCFF173XCU; ENCFF328ADS; ENCFF394HTV; ENCFF646BPT; ENCFF705JZP; ENCFF707UQK; ENCFF798LLI; ENCFF843LLP"
"CXXC5","ULBP2",8,13,"K562","ENCFF173XCU; ENCFF328ADS; ENCFF394HTV; ENCFF646BPT; ENCFF705JZP; ENCFF707UQK; ENCFF798LLI; ENCFF843LLP"
"CXXC5","ULBP3",4,6,"K562","ENCFF173XCU; ENCFF328ADS; ENCFF646BPT; ENCFF843LLP"
"DDIT3","MICA",8,17,"HepG2; K562","ENCFF021RKC; ENCFF061YUC; ENCFF074MLM; ENCFF150YBL; ENCFF536QLN; ENCFF941DKJ; ENCFF991BTK; ENCFF992EMY"
"DDIT3","MICB",5,5,"HepG2; K562","ENCFF021RKC; ENCFF061YUC; ENCFF074MLM; ENCFF150YBL; ENCFF941DKJ"
"DDIT3","RAET1E",1,1,"HepG2","ENCFF061YUC"
"DDIT3","RAET1L",1,1,"K562","ENCFF941DKJ"
"DDIT3","ULBP1",4,9,"K562","ENCFF021RKC; ENCFF941DKJ; ENCFF991BTK; ENCFF992EMY"
"DDIT3","ULBP2",1,1,"K562","ENCFF991BTK"
"DDIT3","ULBP3",2,2,"K562","ENCFF941DKJ; ENCFF991BTK"
"ELK1","MICA",24,45,"A549; HeLa-S3; HepG2; K562; MCF-7","ENCFF100QYV; ENCFF119SCQ; ENCFF327GOE; ENCFF382JSK; ENCFF408WSW; ENCFF430ODT; ENCFF453ZWL; ENCFF473EXK; ENCFF490IWP; ENCFF527ABX; ENCFF554SLQ; ENCFF712LHO; ENCFF715FIV; ENCFF715WGN; ENCFF739MPC; ENCFF741ZMC; ENCFF756VXZ; ENCFF762ZSW; ENCFF769DHC; ENCFF809LIA; ENCFF812MIH; ENCFF834TBQ; ENCFF917XVU; ENCFF952EQA"
"ELK1","MICB",17,26,"A549; HeLa-S3; HepG2; K562; MCF-7","ENCFF044AVI; ENCFF324CAS; ENCFF327GOE; ENCFF382JSK; ENCFF390VNW; ENCFF453ZWL; ENCFF473EXK; ENCFF527ABX; ENCFF670YGF; ENCFF741ZMC; ENCFF769DHC; ENCFF789XUC; ENCFF812MIH; ENCFF834TBQ; ENCFF835QHY; ENCFF952EQA; ENCFF957PMF"
"ELK1","RAET1E",18,29,"HeLa-S3; HepG2; K562; MCF-7","ENCFF390VNW; ENCFF453ZWL; ENCFF473EXK; ENCFF527ABX; ENCFF712LHO; ENCFF715FIV; ENCFF756VXZ; ENCFF762ZSW; ENCFF789XUC; ENCFF812MIH; ENCFF834TBQ; ENCFF835QHY; ENCFF844UXU; ENCFF856LKK; ENCFF857FTE; ENCFF917XVU; ENCFF952EQA; ENCFF984QJL"
"ELK1","RAET1G",15,21,"HeLa-S3; HepG2; K562; MCF-7","ENCFF327GOE; ENCFF337VVE; ENCFF382JSK; ENCFF453ZWL; ENCFF527ABX; ENCFF715FIV; ENCFF741ZMC; ENCFF762ZSW; ENCFF789XUC; ENCFF844UXU; ENCFF856LKK; ENCFF927LSX; ENCFF952EQA; ENCFF957PMF; ENCFF984QJL"
"ELK1","RAET1L",8,10,"A549; HeLa-S3; K562; MCF-7","ENCFF044AVI; ENCFF430ODT; ENCFF712LHO; ENCFF812MIH; ENCFF844UXU; ENCFF917XVU; ENCFF927LSX; ENCFF984QJL"
"ELK1","ULBP1",18,36,"A549; HeLa-S3; K562; MCF-7","ENCFF134QFS; ENCFF324CAS; ENCFF327GOE; ENCFF337VVE; ENCFF382JSK; ENCFF453ZWL; ENCFF527ABX; ENCFF712LHO; ENCFF739MPC; ENCFF741ZMC; ENCFF762ZSW; ENCFF769DHC; ENCFF809LIA; ENCFF812MIH; ENCFF835QHY; ENCFF856LKK; ENCFF857FTE; ENCFF957PMF"
"ELK1","ULBP2",9,10,"A549; K562; MCF-7","ENCFF053GWO; ENCFF324CAS; ENCFF390VNW; ENCFF453ZWL; ENCFF527ABX; ENCFF649GJB; ENCFF670YGF; ENCFF812MIH; ENCFF844UXU"
"ELK1","ULBP3",22,40,"A549; HeLa-S3; HepG2; K562; MCF-7","ENCFF001VIJ; ENCFF001VNB; ENCFF044AVI; ENCFF053GWO; ENCFF324CAS; ENCFF337VVE; ENCFF382JSK; ENCFF390VNW; ENCFF453ZWL; ENCFF473EXK; ENCFF527ABX; ENCFF649GJB; ENCFF670YGF; ENCFF715FIV; ENCFF739MPC; ENCFF789XUC; ENCFF834TBQ; ENCFF835QHY; ENCFF844UXU; ENCFF856LKK; ENCFF927LSX; ENCFF952EQA"
"ESR1","MICA",3,3,"MCF-7","ENCFF117PBD; ENCFF814IGD; ENCFF900TXQ"
"ESR1","MICB",8,8,"MCF-7","ENCFF096TPC; ENCFF108XKR; ENCFF117PBD; ENCFF138XTJ; ENCFF178GXA; ENCFF185UUT; ENCFF814IGD; ENCFF900TXQ"
"ETS1","MICA",18,43,"HepG2; K562","ENCFF032LRC; ENCFF159OUK; ENCFF311ZHW; ENCFF339XVB; ENCFF341ODK; ENCFF356TLB; ENCFF412HOI; ENCFF539HGI; ENCFF543VME; ENCFF547APK; ENCFF661YIW; ENCFF697NJT; ENCFF772VRD; ENCFF780KUW; ENCFF896BPZ; ENCFF912HSU; ENCFF928OFV; ENCFF967WOD"
"ETS1","MICB",18,39,"HepG2; K562","ENCFF122POU; ENCFF128BVU; ENCFF159OUK; ENCFF338MRR; ENCFF339XVB; ENCFF356TLB; ENCFF461PRP; ENCFF539HGI; ENCFF543VME; ENCFF653DQM; ENCFF661YIW; ENCFF771MQQ; ENCFF780KUW; ENCFF886BDQ; ENCFF912HSU; ENCFF927YRG; ENCFF928OFV; ENCFF967WOD"
"ETS1","RAET1E",14,24,"HepG2; K562","ENCFF032LRC; ENCFF128BVU; ENCFF311ZHW; ENCFF338MRR; ENCFF412HOI; ENCFF539HGI; ENCFF543VME; ENCFF653DQM; ENCFF772VRD; ENCFF896BPZ; ENCFF912HSU; ENCFF927YRG; ENCFF928OFV; ENCFF967WOD"
"ETS1","RAET1G",17,32,"HepG2; K562","ENCFF032LRC; ENCFF128BVU; ENCFF311ZHW; ENCFF339XVB; ENCFF341ODK; ENCFF356TLB; ENCFF412HOI; ENCFF539HGI; ENCFF543VME; ENCFF653DQM; ENCFF661YIW; ENCFF771MQQ; ENCFF896BPZ; ENCFF912HSU; ENCFF927YRG; ENCFF928OFV; ENCFF967WOD"
"ETS1","RAET1L",6,7,"HepG2; K562","ENCFF128BVU; ENCFF338MRR; ENCFF543VME; ENCFF771MQQ; ENCFF912HSU; ENCFF927YRG"
"ETS1","ULBP1",23,42,"HepG2; K562","ENCFF032LRC; ENCFF128BVU; ENCFF159OUK; ENCFF311ZHW; ENCFF338MRR; ENCFF339XVB; ENCFF341ODK; ENCFF356TLB; ENCFF461PRP; ENCFF539HGI; ENCFF543VME; ENCFF547APK; ENCFF563KFG; ENCFF749DAY; ENCFF771MQQ; ENCFF772VRD; ENCFF780KUW; ENCFF886BDQ; ENCFF896BPZ; ENCFF912HSU; ENCFF927YRG; ENCFF928OFV; ENCFF937MJN"
"ETS1","ULBP2",10,25,"HepG2; K562","ENCFF311ZHW; ENCFF339XVB; ENCFF356TLB; ENCFF543VME; ENCFF780KUW; ENCFF886BDQ; ENCFF912HSU; ENCFF927YRG; ENCFF928OFV; ENCFF937MJN"
"ETS1","ULBP3",19,30,"HepG2; K562","ENCFF001UJV; ENCFF001UJW; ENCFF002CLX; ENCFF032LRC; ENCFF076YZO; ENCFF122POU; ENCFF128BVU; ENCFF338MRR; ENCFF341ODK; ENCFF356TLB; ENCFF661YIW; ENCFF749DAY; ENCFF771MQQ; ENCFF772VRD; ENCFF780KUW; ENCFF912HSU; ENCFF927YRG; ENCFF928OFV; ENCFF967WOD"
"ETS2","MICA",10,19,"K562","ENCFF222IQO; ENCFF331IWR; ENCFF333QUP; ENCFF493PSP; ENCFF515APP; ENCFF680TLE; ENCFF746HGW; ENCFF804AYO; ENCFF834LHN; ENCFF906QCP"
"ETS2","MICB",4,6,"K562","ENCFF331IWR; ENCFF333QUP; ENCFF515APP; ENCFF834LHN"
"ETS2","RAET1E",3,5,"K562","ENCFF331IWR; ENCFF333QUP; ENCFF834LHN"
"ETS2","RAET1G",4,4,"K562","ENCFF331IWR; ENCFF333QUP; ENCFF515APP; ENCFF834LHN"
"ETS2","RAET1L",3,4,"K562","ENCFF331IWR; ENCFF515APP; ENCFF804AYO"
"ETS2","ULBP1",8,13,"K562","ENCFF331IWR; ENCFF333QUP; ENCFF515APP; ENCFF746HGW; ENCFF804AYO; ENCFF834LHN; ENCFF906QCP; ENCFF982UOO"
"ETS2","ULBP2",7,9,"K562","ENCFF331IWR; ENCFF333QUP; ENCFF515APP; ENCFF746HGW; ENCFF834LHN; ENCFF906QCP; ENCFF982UOO"
"ETS2","ULBP3",8,18,"K562","ENCFF331IWR; ENCFF333QUP; ENCFF515APP; ENCFF680TLE; ENCFF804AYO; ENCFF834LHN; ENCFF906QCP; ENCFF982UOO"
"FOS","MICA",12,16,"K562; MCF-7","ENCFF002LMY; ENCFF154BFR; ENCFF170POB; ENCFF289NSB; ENCFF306INL; ENCFF458JNP; ENCFF519VZH; ENCFF673PVH; ENCFF802VUA; ENCFF806IOG; ENCFF888RBY; ENCFF890YVJ"
"FOS","MICB",10,15,"K562; MCF-7","ENCFF001VRH; ENCFF002DDV; ENCFF002LMY; ENCFF124QJZ; ENCFF458JNP; ENCFF540SXF; ENCFF663JQC; ENCFF673PVH; ENCFF834BCC; ENCFF965AIZ"
"FOS","RAET1E",17,41,"HeLa-S3; MCF-7","ENCFF002LMY; ENCFF124QJZ; ENCFF170POB; ENCFF289NSB; ENCFF306INL; ENCFF440AEH; ENCFF454SZB; ENCFF458JNP; ENCFF494YNM; ENCFF519VZH; ENCFF540SXF; ENCFF673PVH; ENCFF676QWR; ENCFF802VUA; ENCFF806IOG; ENCFF888RBY; ENCFF890YVJ"
"FOS","RAET1G",12,12,"K562; MCF-7","ENCFF002LMY; ENCFF084IPM; ENCFF154BFR; ENCFF306INL; ENCFF335AUM; ENCFF458JNP; ENCFF548LWG; ENCFF586UHP; ENCFF673PVH; ENCFF802VUA; ENCFF806IOG; ENCFF888RBY"
"FOS","RAET1L",20,27,"HeLa-S3; K562; MCF-7","ENCFF002LMY; ENCFF170POB; ENCFF289NSB; ENCFF306INL; ENCFF335AUM; ENCFF440AEH; ENCFF454SZB; ENCFF458JNP; ENCFF494YNM; ENCFF519VZH; ENCFF540SXF; ENCFF549KXU; ENCFF673PVH; ENCFF676CVY; ENCFF676QWR; ENCFF736JLN; ENCFF802VUA; ENCFF806IOG; ENCFF888RBY; ENCFF890YVJ"
"FOS","ULBP1",13,25,"MCF-7","ENCFF002LMY; ENCFF170POB; ENCFF289NSB; ENCFF306INL; ENCFF458JNP; ENCFF519VZH; ENCFF549KXU; ENCFF673PVH; ENCFF676CVY; ENCFF802VUA; ENCFF806IOG; ENCFF888RBY; ENCFF890YVJ"
"FOS","ULBP2",17,20,"K562; MCF-7","ENCFF002LMY; ENCFF124QJZ; ENCFF170POB; ENCFF289NSB; ENCFF306INL; ENCFF335AUM; ENCFF458JNP; ENCFF519VZH; ENCFF548LWG; ENCFF549KXU; ENCFF586UHP; ENCFF673PVH; ENCFF676CVY; ENCFF802VUA; ENCFF806IOG; ENCFF888RBY; ENCFF890YVJ"
"FOS","ULBP3",14,18,"K562; MCF-7","ENCFF001VMH; ENCFF001VRH; ENCFF002CVW; ENCFF002LMY; ENCFF124QJZ; ENCFF289NSB; ENCFF306INL; ENCFF458JNP; ENCFF540SXF; ENCFF673PVH; ENCFF802VUA; ENCFF806IOG; ENCFF834BCC; ENCFF888RBY"
"FOSB","MICA",2,2,"A549","ENCFF026HDR; ENCFF292KXY"
"FOSB","MICB",1,1,"A549","ENCFF814KHN"
"FOSB","RAET1E",1,1,"A549","ENCFF814KHN"
"FOSL1","MICA",31,81,"HCT116; HepG2; K562","ENCFF128CKT; ENCFF151FYK; ENCFF154YRC; ENCFF155DSJ; ENCFF170SAA; ENCFF195SKU; ENCFF207LLP; ENCFF216IJX; ENCFF256NXT; ENCFF267ADF; ENCFF289BNT; ENCFF292LKA; ENCFF352JPL; ENCFF357FTV; ENCFF390OQF; ENCFF400JWL; ENCFF427ISY; ENCFF449GIJ; ENCFF485TYY; ENCFF497SIC; ENCFF532HOG; ENCFF559XFS; ENCFF628WAN; ENCFF649UBD; ENCFF706LPK; ENCFF717XZJ; ENCFF784CXA; ENCFF841ZQQ; ENCFF936WPZ; ENCFF942CQT; ENCFF949HSF"
"FOSL1","MICB",24,55,"HepG2; K562","ENCFF151FYK; ENCFF154YRC; ENCFF170SAA; ENCFF195SKU; ENCFF256NXT; ENCFF267ADF; ENCFF292LKA; ENCFF352JPL; ENCFF357FTV; ENCFF400JWL; ENCFF449GIJ; ENCFF485TYY; ENCFF559XFS; ENCFF649UBD; ENCFF692PVV; ENCFF717XZJ; ENCFF753OLX; ENCFF784CXA; ENCFF818IMH; ENCFF841ZQQ; ENCFF877UDE; ENCFF907RDS; ENCFF912QBK; ENCFF949HSF"
"FOSL1","RAET1E",22,56,"HCT116; K562","ENCFF154YRC; ENCFF170SAA; ENCFF207LLP; ENCFF267ADF; ENCFF289BNT; ENCFF292LKA; ENCFF352JPL; ENCFF357FTV; ENCFF390OQF; ENCFF427ISY; ENCFF485TYY; ENCFF491ALL; ENCFF628WAN; ENCFF649UBD; ENCFF706LPK; ENCFF717XZJ; ENCFF784CXA; ENCFF818IMH; ENCFF841ZQQ; ENCFF936WPZ; ENCFF942CQT; ENCFF943XZE"
"FOSL1","RAET1G",11,15,"HepG2; K562","ENCFF267ADF; ENCFF352JPL; ENCFF449GIJ; ENCFF485TYY; ENCFF559XFS; ENCFF717XZJ; ENCFF784CXA; ENCFF818IMH; ENCFF841ZQQ; ENCFF912QBK; ENCFF949HSF"
"FOSL1","RAET1L",28,56,"HCT116; K562","ENCFF128CKT; ENCFF151FYK; ENCFF154YRC; ENCFF155DSJ; ENCFF170SAA; ENCFF195SKU; ENCFF256NXT; ENCFF267ADF; ENCFF289BNT; ENCFF292LKA; ENCFF352JPL; ENCFF357FTV; ENCFF390OQF; ENCFF400JWL; ENCFF427ISY; ENCFF485TYY; ENCFF491ALL; ENCFF649UBD; ENCFF706LPK; ENCFF717XZJ; ENCFF784CXA; ENCFF818IMH; ENCFF841ZQQ; ENCFF877UDE; ENCFF907RDS; ENCFF936WPZ; ENCFF942CQT; ENCFF943XZE"
"FOSL1","ULBP1",23,49,"HepG2; K562","ENCFF116BWX; ENCFF128CKT; ENCFF151FYK; ENCFF154YRC; ENCFF155DSJ; ENCFF170SAA; ENCFF195SKU; ENCFF207LLP; ENCFF216IJX; ENCFF256NXT; ENCFF267ADF; ENCFF292LKA; ENCFF351GVF; ENCFF352JPL; ENCFF357FTV; ENCFF485TYY; ENCFF559XFS; ENCFF628WAN; ENCFF649UBD; ENCFF717XZJ; ENCFF784CXA; ENCFF841ZQQ; ENCFF877UDE"
"FOSL1","ULBP2",18,32,"K562","ENCFF151FYK; ENCFF154YRC; ENCFF155DSJ; ENCFF170SAA; ENCFF207LLP; ENCFF216IJX; ENCFF256NXT; ENCFF267ADF; ENCFF292LKA; ENCFF352JPL; ENCFF357FTV; ENCFF485TYY; ENCFF649UBD; ENCFF717XZJ; ENCFF784CXA; ENCFF841ZQQ; ENCFF877UDE; ENCFF912QBK"
"FOSL1","ULBP3",17,40,"HepG2; K562","ENCFF001UJX; ENCFF001UJY; ENCFF002CLY; ENCFF170SAA; ENCFF267ADF; ENCFF352JPL; ENCFF400JWL; ENCFF449GIJ; ENCFF559XFS; ENCFF692PVV; ENCFF753OLX; ENCFF818IMH; ENCFF841ZQQ; ENCFF877UDE; ENCFF907RDS; ENCFF912QBK; ENCFF949HSF"
"FOSL2","MICA",46,95,"A549; HepG2; MCF-7; SK-N-SH","ENCFF055WOU; ENCFF075JEN; ENCFF084CVA; ENCFF155UGM; ENCFF157GJO; ENCFF185QGO; ENCFF200ULH; ENCFF209EPG; ENCFF232TVP; ENCFF236NST; ENCFF303HLV; ENCFF320UWD; ENCFF364YWX; ENCFF366RJW; ENCFF401HSI; ENCFF423KOE; ENCFF441JLH; ENCFF444OTS; ENCFF446LJZ; ENCFF446XBE; ENCFF457SCY; ENCFF461EVQ; ENCFF469RCT; ENCFF475KOQ; ENCFF486RMY; ENCFF506QUO; ENCFF533VYT; ENCFF556ZCT; ENCFF560WQA; ENCFF563LKK; ENCFF630IDY; ENCFF647IQD; ENCFF651QYC; ENCFF654IHK; ENCFF709YBY; ENCFF723PUY; ENCFF734XVK; ENCFF751QEY; ENCFF772SCR; ENCFF790HPY; ENCFF885JJG; ENCFF916GIW; ENCFF919VPG; ENCFF955ELD; ENCFF956AVI; ENCFF968HSD"
"FOSL2","MICB",27,42,"A549; HepG2; MCF-7; SK-N-SH","ENCFF001UFS; ENCFF054ESU; ENCFF055WOU; ENCFF084CVA; ENCFF155UGM; ENCFF200ULH; ENCFF236NST; ENCFF303HLV; ENCFF366RJW; ENCFF394UVI; ENCFF401HSI; ENCFF446XBE; ENCFF475KOQ; ENCFF486RMY; ENCFF533VYT; ENCFF563LKK; ENCFF599OQO; ENCFF620ZIR; ENCFF630IDY; ENCFF651QYC; ENCFF654IHK; ENCFF661ITW; ENCFF734XVK; ENCFF790HPY; ENCFF916GIW; ENCFF927BKR; ENCFF968HSD"
"FOSL2","RAET1E",34,64,"A549; HepG2; MCF-7; SK-N-SH","ENCFF055WOU; ENCFF075JEN; ENCFF084CVA; ENCFF155UGM; ENCFF185QGO; ENCFF209EPG; ENCFF232TVP; ENCFF303HLV; ENCFF364YWX; ENCFF366RJW; ENCFF394UVI; ENCFF441JLH; ENCFF444OTS; ENCFF449NJO; ENCFF457SCY; ENCFF461EVQ; ENCFF475KOQ; ENCFF486RMY; ENCFF533VYT; ENCFF556ZCT; ENCFF563LKK; ENCFF599OQO; ENCFF651QYC; ENCFF654IHK; ENCFF723PUY; ENCFF734XVK; ENCFF751QEY; ENCFF781IKQ; ENCFF790HPY; ENCFF801CZR; ENCFF885JJG; ENCFF927BKR; ENCFF955ELD; ENCFF992UMI"
"FOSL2","RAET1G",17,31,"HepG2; MCF-7","ENCFF055WOU; ENCFF084CVA; ENCFF155UGM; ENCFF236NST; ENCFF394UVI; ENCFF446XBE; ENCFF556ZCT; ENCFF599OQO; ENCFF620ZIR; ENCFF651QYC; ENCFF654IHK; ENCFF661ITW; ENCFF734XVK; ENCFF781IKQ; ENCFF790HPY; ENCFF927BKR; ENCFF968HSD"
"FOSL2","RAET1L",43,51,"A549; HepG2; MCF-7; SK-N-SH","ENCFF001UPB; ENCFF066CDB; ENCFF075JEN; ENCFF093ETJ; ENCFF155UGM; ENCFF158FOX; ENCFF185QGO; ENCFF192XQG; ENCFF209EPG; ENCFF303HLV; ENCFF366RJW; ENCFF369FZI; ENCFF394UVI; ENCFF423KOE; ENCFF441JLH; ENCFF444OTS; ENCFF457SCY; ENCFF461EVQ; ENCFF486RMY; ENCFF506QUO; ENCFF533VYT; ENCFF556ZCT; ENCFF563LKK; ENCFF651QYC; ENCFF654IHK; ENCFF709YBY; ENCFF723PUY; ENCFF734XVK; ENCFF751QEY; ENCFF753GRG; ENCFF781IKQ; ENCFF790HPY; ENCFF801CZR; ENCFF818TQX; ENCFF839UTU; ENCFF857LGS; ENCFF885JJG; ENCFF907FPY; ENCFF955ELD; ENCFF968HSD; ENCFF978WRQ; ENCFF992UMI; ENCFF998CZO"
"FOSL2","ULBP1",34,57,"A549; HepG2; MCF-7; SK-N-SH","ENCFF055WOU; ENCFF084CVA; ENCFF155UGM; ENCFF157GJO; ENCFF185QGO; ENCFF200ULH; ENCFF236NST; ENCFF303HLV; ENCFF366RJW; ENCFF401HSI; ENCFF423KOE; ENCFF441JLH; ENCFF444OTS; ENCFF446XBE; ENCFF449NJO; ENCFF461EVQ; ENCFF469RCT; ENCFF475KOQ; ENCFF486RMY; ENCFF556ZCT; ENCFF563LKK; ENCFF651QYC; ENCFF654IHK; ENCFF734XVK; ENCFF751QEY; ENCFF772SCR; ENCFF781IKQ; ENCFF790HPY; ENCFF801CZR; ENCFF885JJG; ENCFF907FPY; ENCFF955ELD; ENCFF968HSD; ENCFF992UMI"
"FOSL2","ULBP2",27,31,"A549; HepG2; MCF-7; SK-N-SH","ENCFF075JEN; ENCFF084CVA; ENCFF155UGM; ENCFF185QGO; ENCFF209EPG; ENCFF232TVP; ENCFF366RJW; ENCFF423KOE; ENCFF441JLH; ENCFF444OTS; ENCFF446LJZ; ENCFF461EVQ; ENCFF475KOQ; ENCFF486RMY; ENCFF533VYT; ENCFF556ZCT; ENCFF563LKK; ENCFF654IHK; ENCFF723PUY; ENCFF734XVK; ENCFF751QEY; ENCFF781IKQ; ENCFF885JJG; ENCFF907FPY; ENCFF955ELD; ENCFF978WRQ; ENCFF992UMI"
"FOSL2","ULBP3",45,64,"A549; HepG2; MCF-7; SK-N-SH","ENCFF001UFS; ENCFF001UFT; ENCFF002CKH; ENCFF055WOU; ENCFF075JEN; ENCFF084CVA; ENCFF155UGM; ENCFF185QGO; ENCFF200ULH; ENCFF209EPG; ENCFF232TVP; ENCFF303HLV; ENCFF366RJW; ENCFF395KPJ; ENCFF423KOE; ENCFF441JLH; ENCFF444OTS; ENCFF446LJZ; ENCFF446XBE; ENCFF449NJO; ENCFF457SCY; ENCFF461EVQ; ENCFF469RCT; ENCFF475KOQ; ENCFF486RMY; ENCFF533VYT; ENCFF563LKK; ENCFF620ZIR; ENCFF647IQD; ENCFF651QYC; ENCFF654IHK; ENCFF661ITW; ENCFF723PUY; ENCFF734XVK; ENCFF751QEY; ENCFF772SCR; ENCFF790HPY; ENCFF801CZR; ENCFF818TQX; ENCFF885JJG; ENCFF919VPG; ENCFF955ELD; ENCFF968HSD; ENCFF978WRQ; ENCFF992UMI"
"GATA3","MICA",22,36,"A549; MCF-7; SK-N-SH","ENCFF025YUC; ENCFF051JBT; ENCFF078MQH; ENCFF094MRW; ENCFF104DIC; ENCFF116LXB; ENCFF161DQL; ENCFF295KJW; ENCFF346EZD; ENCFF351FTQ; ENCFF374KZL; ENCFF406GRN; ENCFF466BIS; ENCFF557SHR; ENCFF565QWY; ENCFF619XDX; ENCFF779ANV; ENCFF805SRK; ENCFF829DNJ; ENCFF874LLH; ENCFF891ELE; ENCFF955EHX"
"GATA3","MICB",19,22,"MCF-7; SK-N-SH","ENCFF051JBT; ENCFF094MRW; ENCFF096MYL; ENCFF104DIC; ENCFF116LXB; ENCFF161DQL; ENCFF295KJW; ENCFF346EZD; ENCFF374KZL; ENCFF406GRN; ENCFF409OJR; ENCFF466BIS; ENCFF557SHR; ENCFF565QWY; ENCFF779ANV; ENCFF874LLH; ENCFF891ELE; ENCFF955EHX; ENCFF968PCO"
"GATA3","RAET1E",21,32,"A549; MCF-7; SK-N-SH","ENCFF025YUC; ENCFF051JBT; ENCFF078MQH; ENCFF104DIC; ENCFF116LXB; ENCFF346EZD; ENCFF351FTQ; ENCFF374KZL; ENCFF406GRN; ENCFF466BIS; ENCFF557SHR; ENCFF565QWY; ENCFF607YBS; ENCFF659KSX; ENCFF805SRK; ENCFF829DNJ; ENCFF833ZAC; ENCFF840JMH; ENCFF891ELE; ENCFF955EHX; ENCFF973FPV"
"GATA3","RAET1G",2,3,"MCF-7; SK-N-SH","ENCFF078MQH; ENCFF295KJW"
"GATA3","RAET1L",33,35,"MCF-7; SK-N-SH","ENCFF051JBT; ENCFF078MQH; ENCFF094MRW; ENCFF096MYL; ENCFF104DIC; ENCFF116LXB; ENCFF117BRW; ENCFF217KJR; ENCFF259LJY; ENCFF295KJW; ENCFF346EZD; ENCFF351FTQ; ENCFF374KZL; ENCFF381ULU; ENCFF406GRN; ENCFF409OJR; ENCFF466BIS; ENCFF473WTW; ENCFF495QSX; ENCFF557SHR; ENCFF565QWY; ENCFF625IUE; ENCFF779ANV; ENCFF805SRK; ENCFF833ZAC; ENCFF840JMH; ENCFF863GRL; ENCFF874LLH; ENCFF891ELE; ENCFF909LIE; ENCFF909TEB; ENCFF955EHX; ENCFF968PCO"
"GATA3","ULBP1",16,28,"A549; MCF-7","ENCFF025YUC; ENCFF051JBT; ENCFF094MRW; ENCFF096MYL; ENCFF116LXB; ENCFF295KJW; ENCFF346EZD; ENCFF374KZL; ENCFF406GRN; ENCFF557SHR; ENCFF565QWY; ENCFF779ANV; ENCFF863GRL; ENCFF874LLH; ENCFF891ELE; ENCFF955EHX"
"GATA3","ULBP2",9,11,"MCF-7","ENCFF051JBT; ENCFF116LXB; ENCFF295KJW; ENCFF346EZD; ENCFF406GRN; ENCFF557SHR; ENCFF779ANV; ENCFF891ELE; ENCFF955EHX"
"GATA3","ULBP3",15,27,"MCF-7","ENCFF001UMX; ENCFF051JBT; ENCFF094MRW; ENCFF116LXB; ENCFF161DQL; ENCFF295KJW; ENCFF346EZD; ENCFF406GRN; ENCFF557SHR; ENCFF565QWY; ENCFF779ANV; ENCFF840JMH; ENCFF863GRL; ENCFF874LLH; ENCFF891ELE"
"GTF2B","MICA",4,5,"K562","ENCFF218IGO; ENCFF493YNR; ENCFF767DHX; ENCFF767GEX"
"GTF2B","MICB",3,4,"K562","ENCFF218IGO; ENCFF767DHX; ENCFF767GEX"
"GTF2B","RAET1E",1,1,"K562","ENCFF218IGO"
"GTF2B","RAET1G",2,2,"K562","ENCFF218IGO; ENCFF767DHX"
"GTF2B","ULBP1",2,3,"K562","ENCFF218IGO; ENCFF767GEX"
"GTF2B","ULBP2",2,2,"K562","ENCFF218IGO; ENCFF767DHX"
"GTF2B","ULBP3",1,1,"K562","ENCFF001VNF"
"HOXA9","MICA",2,4,"HepG2","ENCFF311QDS; ENCFF963XVV"
"HOXA9","MICB",3,5,"HepG2","ENCFF870YDX; ENCFF888TQV; ENCFF963XVV"
"HOXA9","RAET1E",1,1,"HepG2","ENCFF311QDS"
"HOXA9","RAET1G",1,2,"HepG2","ENCFF963XVV"
"HOXA9","RAET1L",4,5,"HepG2","ENCFF311QDS; ENCFF870YDX; ENCFF888TQV; ENCFF963XVV"
"HOXA9","ULBP1",3,7,"HepG2","ENCFF870YDX; ENCFF888TQV; ENCFF963XVV"
"HOXA9","ULBP2",2,2,"HepG2","ENCFF888TQV; ENCFF963XVV"
"HOXA9","ULBP3",3,4,"HepG2","ENCFF870YDX; ENCFF888TQV; ENCFF963XVV"
"JDP2","MICA",1,4,"HepG2","ENCFF938KZM"
"JDP2","MICB",1,1,"HepG2","ENCFF938KZM"
"JDP2","RAET1G",1,2,"HepG2","ENCFF938KZM"
"JUN","MICA",58,130,"A549; HeLa-S3; HepG2; K562; MCF-7","ENCFF034DMF; ENCFF035MOG; ENCFF064QGH; ENCFF097IOD; ENCFF164AKR; ENCFF190CGV; ENCFF195SFC; ENCFF196GQT; ENCFF202DUT; ENCFF234PHK; ENCFF269DUB; ENCFF278FZO; ENCFF280RQS; ENCFF283XPJ; ENCFF301KRB; ENCFF309EWT; ENCFF329CUQ; ENCFF384SSM; ENCFF394CEC; ENCFF415DOT; ENCFF448LKU; ENCFF477SSD; ENCFF498BRE; ENCFF510WNP; ENCFF521WPO; ENCFF528GUQ; ENCFF543MHK; ENCFF544UXM; ENCFF566SCZ; ENCFF584OTW; ENCFF585XZF; ENCFF590IBE; ENCFF617QTL; ENCFF645VQU; ENCFF650NPL; ENCFF660ZKV; ENCFF740TUD; ENCFF759URR; ENCFF761VRT; ENCFF769AVZ; ENCFF769ZHE; ENCFF806AQE; ENCFF831NXF; ENCFF832ZYX; ENCFF865UPM; ENCFF875ZOG; ENCFF888LFK; ENCFF893YYD; ENCFF906QBG; ENCFF922MJE; ENCFF924JXT; ENCFF939QUZ; ENCFF941VTP; ENCFF945OSN; ENCFF947ENR; ENCFF974FYU; ENCFF988ODU; ENCFF999VYH"
"JUN","MICB",42,71,"A549; HepG2; K562; MCF-7","ENCFF001VMO; ENCFF001VMP; ENCFF002CWC; ENCFF034DMF; ENCFF035MOG; ENCFF053ZVO; ENCFF077UUI; ENCFF103NOZ; ENCFF196GQT; ENCFF219RVG; ENCFF234PHK; ENCFF269DUB; ENCFF278FZO; ENCFF283XPJ; ENCFF329CUQ; ENCFF344TGN; ENCFF415DOT; ENCFF422SBX; ENCFF448LKU; ENCFF477SSD; ENCFF498BRE; ENCFF510WNP; ENCFF521WPO; ENCFF543MHK; ENCFF544UXM; ENCFF585XZF; ENCFF595WOT; ENCFF596KVH; ENCFF645VQU; ENCFF660ZKV; ENCFF740TUD; ENCFF769ZHE; ENCFF893YYD; ENCFF922MJE; ENCFF924JXT; ENCFF934ECP; ENCFF939IIB; ENCFF939QUZ; ENCFF945OSN; ENCFF946SUD; ENCFF960PAB; ENCFF967FLQ"
"JUN","RAET1E",40,81,"A549; HeLa-S3; HepG2; K562; MCF-7","ENCFF053ZVO; ENCFF077UUI; ENCFF097IOD; ENCFF103NOZ; ENCFF164AKR; ENCFF182AWR; ENCFF234PHK; ENCFF269DUB; ENCFF278FZO; ENCFF283XPJ; ENCFF301KRB; ENCFF384SSM; ENCFF415DOT; ENCFF422SBX; ENCFF477SSD; ENCFF505TKN; ENCFF510WNP; ENCFF521WPO; ENCFF543MHK; ENCFF544UXM; ENCFF566SCZ; ENCFF584OTW; ENCFF585XZF; ENCFF595WOT; ENCFF596KVH; ENCFF617QTL; ENCFF660ZKV; ENCFF740TUD; ENCFF761VRT; ENCFF769ZHE; ENCFF775ZQY; ENCFF806AQE; ENCFF863WXR; ENCFF888LFK; ENCFF893YYD; ENCFF906QBG; ENCFF939IIB; ENCFF941VTP; ENCFF988ODU; ENCFF999VYH"
"JUN","RAET1G",33,51,"A549; HepG2; K562; MCF-7","ENCFF053ZVO; ENCFF182AWR; ENCFF196GQT; ENCFF269DUB; ENCFF278FZO; ENCFF283XPJ; ENCFF301KRB; ENCFF384SSM; ENCFF422SBX; ENCFF477SSD; ENCFF477UIF; ENCFF510WNP; ENCFF521WPO; ENCFF528GUQ; ENCFF544UXM; ENCFF585XZF; ENCFF650NPL; ENCFF660ZKV; ENCFF740TUD; ENCFF759URR; ENCFF761VRT; ENCFF769ZHE; ENCFF775ZQY; ENCFF863WXR; ENCFF888LFK; ENCFF893YYD; ENCFF906QBG; ENCFF922MJE; ENCFF934ECP; ENCFF939IIB; ENCFF946SUD; ENCFF960PAB; ENCFF988ODU"
"JUN","RAET1L",45,61,"A549; HeLa-S3; HepG2; K562; MCF-7","ENCFF034DMF; ENCFF035MOG; ENCFF097IOD; ENCFF103NOZ; ENCFF182AWR; ENCFF190CGV; ENCFF196GQT; ENCFF219RVG; ENCFF234PHK; ENCFF283XPJ; ENCFF335WNV; ENCFF344TGN; ENCFF394CEC; ENCFF415DOT; ENCFF422SBX; ENCFF477SSD; ENCFF477UIF; ENCFF505TKN; ENCFF521WPO; ENCFF528GUQ; ENCFF543MHK; ENCFF566SCZ; ENCFF584OTW; ENCFF589XFT; ENCFF596KVH; ENCFF617QTL; ENCFF645VQU; ENCFF650NPL; ENCFF718AYW; ENCFF738UHD; ENCFF761VRT; ENCFF769TUY; ENCFF769ZHE; ENCFF803YMN; ENCFF806AQE; ENCFF831NXF; ENCFF863WXR; ENCFF893YYD; ENCFF907IUT; ENCFF924JXT; ENCFF939IIB; ENCFF941VTP; ENCFF946SUD; ENCFF960PAB; ENCFF988ODU"
"JUN","ULBP1",54,92,"A549; HepG2; K562; MCF-7","ENCFF034DMF; ENCFF035MOG; ENCFF053ZVO; ENCFF182AWR; ENCFF190CGV; ENCFF196GQT; ENCFF202DUT; ENCFF219RVG; ENCFF269DUB; ENCFF278FZO; ENCFF283XPJ; ENCFF309EWT; ENCFF329CUQ; ENCFF332VWD; ENCFF344TGN; ENCFF384SSM; ENCFF394CEC; ENCFF432LMY; ENCFF477SSD; ENCFF477UIF; ENCFF498BRE; ENCFF510WNP; ENCFF521WPO; ENCFF528GUQ; ENCFF543MHK; ENCFF544UXM; ENCFF596KVH; ENCFF645VQU; ENCFF650NPL; ENCFF660ZKV; ENCFF696DFP; ENCFF738UHD; ENCFF740TUD; ENCFF755QMA; ENCFF759URR; ENCFF761VRT; ENCFF769ZHE; ENCFF832ZYX; ENCFF865UPM; ENCFF883MEM; ENCFF888LFK; ENCFF893YYD; ENCFF905NMP; ENCFF906QBG; ENCFF922MJE; ENCFF924JXT; ENCFF939QUZ; ENCFF945OSN; ENCFF946SUD; ENCFF947ENR; ENCFF960PAB; ENCFF971BAQ; ENCFF974FYU; ENCFF988ODU"
"JUN","ULBP2",28,38,"A549; HepG2; K562; MCF-7","ENCFF034DMF; ENCFF056QPQ; ENCFF103NOZ; ENCFF155WKH; ENCFF182AWR; ENCFF190CGV; ENCFF195SFC; ENCFF196GQT; ENCFF278FZO; ENCFF283XPJ; ENCFF301KRB; ENCFF384SSM; ENCFF394CEC; ENCFF422SBX; ENCFF477SSD; ENCFF521WPO; ENCFF528GUQ; ENCFF543MHK; ENCFF645VQU; ENCFF660ZKV; ENCFF761VRT; ENCFF769ZHE; ENCFF865UPM; ENCFF888LFK; ENCFF893YYD; ENCFF922MJE; ENCFF924JXT; ENCFF934ECP"
"JUN","ULBP3",46,71,"A549; HepG2; K562; MCF-7","ENCFF001VMO; ENCFF002CWC; ENCFF053ZVO; ENCFF077UUI; ENCFF103NOZ; ENCFF182AWR; ENCFF219RVG; ENCFF234PHK; ENCFF269DUB; ENCFF278FZO; ENCFF283XPJ; ENCFF329CUQ; ENCFF344TGN; ENCFF384SSM; ENCFF422SBX; ENCFF505TKN; ENCFF510WNP; ENCFF543MHK; ENCFF585XZF; ENCFF595WOT; ENCFF596KVH; ENCFF629BFI; ENCFF650NPL; ENCFF660ZKV; ENCFF696DFP; ENCFF716DUT; ENCFF740TUD; ENCFF755QMA; ENCFF759URR; ENCFF761VRT; ENCFF832ZYX; ENCFF883MEM; ENCFF893YYD; ENCFF906QBG; ENCFF924JXT; ENCFF930ARL; ENCFF934ECP; ENCFF934OCU; ENCFF939IIB; ENCFF939QUZ; ENCFF945OSN; ENCFF946SUD; ENCFF960PAB; ENCFF967FLQ; ENCFF974FYU; ENCFF988ODU"
"JUNB","MICA",24,37,"HepG2; K562","ENCFF051NBN; ENCFF158NUX; ENCFF176AUZ; ENCFF240ZMK; ENCFF243KHS; ENCFF250FUO; ENCFF259QFI; ENCFF292XDL; ENCFF304YRK; ENCFF362UGH; ENCFF525YHW; ENCFF579QGS; ENCFF606UEW; ENCFF700ERX; ENCFF701NOZ; ENCFF736LSP; ENCFF741LKD; ENCFF771ZXF; ENCFF783JFL; ENCFF811GGC; ENCFF828TUW; ENCFF867NYH; ENCFF953QWL; ENCFF988ZUA"
"JUNB","MICB",22,43,"A549; HepG2; K562","ENCFF001VRK; ENCFF002DDY; ENCFF036VQF; ENCFF051NBN; ENCFF127XOZ; ENCFF158NUX; ENCFF176AUZ; ENCFF240ZMK; ENCFF243KHS; ENCFF250FUO; ENCFF304YRK; ENCFF325KGM; ENCFF328OCA; ENCFF475YLO; ENCFF525YHW; ENCFF529CTW; ENCFF736LSP; ENCFF739XTO; ENCFF783JFL; ENCFF867NYH; ENCFF953QWL; ENCFF997SXB"
"JUNB","RAET1E",13,19,"A549; HepG2; K562","ENCFF016FWJ; ENCFF036VQF; ENCFF051NBN; ENCFF240ZMK; ENCFF259QFI; ENCFF579QGS; ENCFF654YBE; ENCFF700ERX; ENCFF701NOZ; ENCFF741LKD; ENCFF771ZXF; ENCFF783JFL; ENCFF953QWL"
"JUNB","RAET1G",9,13,"HepG2; K562","ENCFF051NBN; ENCFF127XOZ; ENCFF259QFI; ENCFF525YHW; ENCFF700ERX; ENCFF736LSP; ENCFF783JFL; ENCFF867NYH; ENCFF953QWL"
"JUNB","RAET1L",9,10,"HepG2; K562","ENCFF016FWJ; ENCFF127XOZ; ENCFF158NUX; ENCFF259QFI; ENCFF525YHW; ENCFF736LSP; ENCFF783JFL; ENCFF867NYH; ENCFF953QWL"
"JUNB","ULBP1",22,41,"HepG2; K562","ENCFF016FWJ; ENCFF051NBN; ENCFF127XOZ; ENCFF176AUZ; ENCFF240ZMK; ENCFF243KHS; ENCFF250FUO; ENCFF292XDL; ENCFF304YRK; ENCFF325KGM; ENCFF362UGH; ENCFF525YHW; ENCFF700ERX; ENCFF701NOZ; ENCFF736LSP; ENCFF741LKD; ENCFF783JFL; ENCFF811GGC; ENCFF867NYH; ENCFF932KRN; ENCFF953QWL; ENCFF997SXB"
"JUNB","ULBP2",8,12,"K562","ENCFF051NBN; ENCFF127XOZ; ENCFF158NUX; ENCFF700ERX; ENCFF736LSP; ENCFF783JFL; ENCFF867NYH; ENCFF953QWL"
"JUNB","ULBP3",12,20,"HepG2; K562","ENCFF001VRK; ENCFF051NBN; ENCFF127XOZ; ENCFF158NUX; ENCFF325KGM; ENCFF579QGS; ENCFF700ERX; ENCFF701NOZ; ENCFF736LSP; ENCFF867NYH; ENCFF953QWL; ENCFF997SXB"
"JUND","MICA",103,199,"HCT116; HeLa-S3; HepG2; K562; MCF-7; SK-N-SH; T47D","ENCFF012GCK; ENCFF032QAB; ENCFF040TDG; ENCFF049LVE; ENCFF059RDK; ENCFF076ZKJ; ENCFF080RVQ; ENCFF106WSZ; ENCFF109HIE; ENCFF113OUV; ENCFF114OBJ; ENCFF130QNO; ENCFF133YVZ; ENCFF146MHU; ENCFF164PZP; ENCFF177MTC; ENCFF177OAE; ENCFF178SFK; ENCFF187QQB; ENCFF190FYA; ENCFF190IVH; ENCFF194NEV; ENCFF207SFL; ENCFF213EYD; ENCFF217QFC; ENCFF237OAO; ENCFF242EJE; ENCFF246HKM; ENCFF260WYV; ENCFF273KIA; ENCFF281KZH; ENCFF305OER; ENCFF306SZL; ENCFF308OYP; ENCFF309RNQ; ENCFF310CQP; ENCFF313VAP; ENCFF314FHH; ENCFF333VCK; ENCFF334CNE; ENCFF351WFR; ENCFF372VSG; ENCFF378LWF; ENCFF382LAV; ENCFF383BYS; ENCFF396EWL; ENCFF413IZF; ENCFF416NHC; ENCFF430PEI; ENCFF431FHJ; ENCFF434JDK; ENCFF449NTK; ENCFF455DFQ; ENCFF471YUP; ENCFF475AUL; ENCFF483RLR; ENCFF489OBX; ENCFF510VMW; ENCFF520XQJ; ENCFF531RIP; ENCFF535OOE; ENCFF556TOJ; ENCFF562YSV; ENCFF571YBD; ENCFF577XUM; ENCFF580LUY; ENCFF587WTI; ENCFF587YQM; ENCFF606TLM; ENCFF620EMB; ENCFF627FTK; ENCFF662KJW; ENCFF662YLE; ENCFF682AGQ; ENCFF684IDW; ENCFF691ERI; ENCFF693HAG; ENCFF718MNT; ENCFF734HUF; ENCFF738FFP; ENCFF740JTO; ENCFF748PEZ; ENCFF749ZWC; ENCFF773HQL; ENCFF775TSR; ENCFF826HDC; ENCFF833ZRV; ENCFF835WVR; ENCFF848GBZ; ENCFF849VCJ; ENCFF858IZV; ENCFF880ETD; ENCFF889PON; ENCFF923ZXM; ENCFF937KAC; ENCFF951EMI; ENCFF963NVS; ENCFF973IDD; ENCFF985NMS; ENCFF987IOK; ENCFF991JQD; ENCFF993QSS; ENCFF998KDQ"
"JUND","MICB",77,117,"HCT116; HeLa-S3; HepG2; K562; MCF-7; SK-N-SH; T47D","ENCFF001VIQ; ENCFF001VKI; ENCFF001VNP; ENCFF001VRL; ENCFF002CSP; ENCFF002CUF; ENCFF002CWZ; ENCFF002DDZ; ENCFF076ZKJ; ENCFF085GOJ; ENCFF101JCE; ENCFF106WSZ; ENCFF159IRT; ENCFF164PZP; ENCFF177MTC; ENCFF177OAE; ENCFF178SFK; ENCFF185JWL; ENCFF190FYA; ENCFF190IVH; ENCFF213EYD; ENCFF215YYW; ENCFF242EJE; ENCFF265CMT; ENCFF306SZL; ENCFF308OYP; ENCFF313VAP; ENCFF314FHH; ENCFF337DKJ; ENCFF367HPL; ENCFF372VSG; ENCFF382LAV; ENCFF383BYS; ENCFF383XWW; ENCFF398EYK; ENCFF413IZF; ENCFF413ZYK; ENCFF416NHC; ENCFF432YUM; ENCFF434JDK; ENCFF471YUP; ENCFF475AUL; ENCFF510VMW; ENCFF514HVB; ENCFF520XQJ; ENCFF571YBD; ENCFF580LUY; ENCFF587WTI; ENCFF587YQM; ENCFF596XCU; ENCFF620EMB; ENCFF624QFG; ENCFF662KJW; ENCFF662YLE; ENCFF673PTK; ENCFF682AGQ; ENCFF684IDW; ENCFF693HAG; ENCFF716IBZ; ENCFF740JTO; ENCFF748PEZ; ENCFF772HIT; ENCFF772MXQ; ENCFF773HQL; ENCFF774OPQ; ENCFF816JWH; ENCFF826HDC; ENCFF830ZWP; ENCFF844LUC; ENCFF858IZV; ENCFF889PON; ENCFF951EMI; ENCFF953YCY; ENCFF963NVS; ENCFF973IDD; ENCFF987IOK; ENCFF993QSS"
"JUND","RAET1E",80,158,"HCT116; HeLa-S3; HepG2; K562; MCF-7; SK-N-SH; T47D","ENCFF012GCK; ENCFF032QAB; ENCFF040TDG; ENCFF059RDK; ENCFF080RVQ; ENCFF106WSZ; ENCFF109HIE; ENCFF114OBJ; ENCFF130QNO; ENCFF133YVZ; ENCFF146MHU; ENCFF159IRT; ENCFF177MTC; ENCFF177OAE; ENCFF178SFK; ENCFF185JWL; ENCFF187QQB; ENCFF190IVH; ENCFF207SFL; ENCFF215YYW; ENCFF217QFC; ENCFF237OAO; ENCFF242EJE; ENCFF260WYV; ENCFF289KHP; ENCFF308OYP; ENCFF310CQP; ENCFF313VAP; ENCFF314FHH; ENCFF333VCK; ENCFF357JCS; ENCFF372VSG; ENCFF378LWF; ENCFF382LAV; ENCFF383XWW; ENCFF388CXH; ENCFF413IZF; ENCFF416NHC; ENCFF431FHJ; ENCFF455DFQ; ENCFF475AUL; ENCFF489OBX; ENCFF510VMW; ENCFF520XQJ; ENCFF531RIP; ENCFF535OOE; ENCFF556TOJ; ENCFF571YBD; ENCFF580LUY; ENCFF587WTI; ENCFF587YQM; ENCFF606TLM; ENCFF624QFG; ENCFF644YOS; ENCFF662KJW; ENCFF682AGQ; ENCFF684IDW; ENCFF693HAG; ENCFF716IBZ; ENCFF718MNT; ENCFF734HUF; ENCFF740JTO; ENCFF748PEZ; ENCFF749ZWC; ENCFF772HIT; ENCFF773HQL; ENCFF775TSR; ENCFF833ZRV; ENCFF835WVR; ENCFF848GBZ; ENCFF849VCJ; ENCFF880ETD; ENCFF889PON; ENCFF923ZXM; ENCFF937KAC; ENCFF951EMI; ENCFF973IDD; ENCFF987IOK; ENCFF995QMN; ENCFF998KDQ"
"JUND","RAET1G",34,52,"HCT116; HepG2; K562; MCF-7; SK-N-SH; T47D","ENCFF076ZKJ; ENCFF101JCE; ENCFF106WSZ; ENCFF164PZP; ENCFF178SFK; ENCFF190IVH; ENCFF194NEV; ENCFF215YYW; ENCFF242EJE; ENCFF289KHP; ENCFF308OYP; ENCFF323HOG; ENCFF413IZF; ENCFF416NHC; ENCFF514HVB; ENCFF520XQJ; ENCFF571YBD; ENCFF580LUY; ENCFF587WTI; ENCFF587YQM; ENCFF620EMB; ENCFF624QFG; ENCFF662YLE; ENCFF684IDW; ENCFF691ERI; ENCFF716IBZ; ENCFF748PEZ; ENCFF772HIT; ENCFF772MXQ; ENCFF830ZWP; ENCFF858IZV; ENCFF880ETD; ENCFF951EMI; ENCFF953YCY"
"JUND","RAET1L",88,115,"HCT116; HeLa-S3; HepG2; K562; MCF-7; SK-N-SH; T47D","ENCFF001VNP; ENCFF011ZXF; ENCFF032QAB; ENCFF040TDG; ENCFF076ZKJ; ENCFF080RVQ; ENCFF101JCE; ENCFF106WSZ; ENCFF113OUV; ENCFF114OBJ; ENCFF159IRT; ENCFF177MTC; ENCFF177OAE; ENCFF178SFK; ENCFF187QQB; ENCFF190FYA; ENCFF190IVH; ENCFF207SFL; ENCFF215YYW; ENCFF237OAO; ENCFF308OYP; ENCFF310CQP; ENCFF313VAP; ENCFF314FHH; ENCFF323HOG; ENCFF333VCK; ENCFF357JCS; ENCFF367HPL; ENCFF372VSG; ENCFF378LWF; ENCFF382LAV; ENCFF388CXH; ENCFF398EYK; ENCFF398OOD; ENCFF413ZYK; ENCFF415FMC; ENCFF416NHC; ENCFF431FHJ; ENCFF434JDK; ENCFF449NTK; ENCFF455DFQ; ENCFF475AUL; ENCFF510VMW; ENCFF514HVB; ENCFF520XQJ; ENCFF531RIP; ENCFF535OOE; ENCFF556TOJ; ENCFF559LYQ; ENCFF569ZCY; ENCFF571YBD; ENCFF580LUY; ENCFF587WTI; ENCFF587YQM; ENCFF606TLM; ENCFF620EMB; ENCFF624QFG; ENCFF627FTK; ENCFF644YOS; ENCFF673PTK; ENCFF682AGQ; ENCFF691ERI; ENCFF693HAG; ENCFF734HUF; ENCFF740JTO; ENCFF748PEZ; ENCFF749ZWC; ENCFF772HIT; ENCFF773HQL; ENCFF830ZWP; ENCFF833ZRV; ENCFF835WVR; ENCFF844LUC; ENCFF848GBZ; ENCFF858IZV; ENCFF866YBG; ENCFF880ETD; ENCFF880POK; ENCFF889PON; ENCFF904TDY; ENCFF918BVV; ENCFF923ZXM; ENCFF937KAC; ENCFF953YCY; ENCFF973IDD; ENCFF987IOK; ENCFF995QMN; ENCFF998KDQ"
"JUND","ULBP1",49,85,"HCT116; HeLa-S3; HepG2; K562; MCF-7; SK-N-SH","ENCFF040TDG; ENCFF106WSZ; ENCFF159IRT; ENCFF177MTC; ENCFF177OAE; ENCFF178SFK; ENCFF190FYA; ENCFF190IVH; ENCFF207SFL; ENCFF213EYD; ENCFF265CMT; ENCFF273KIA; ENCFF306SZL; ENCFF308OYP; ENCFF309RNQ; ENCFF310CQP; ENCFF313VAP; ENCFF334CNE; ENCFF367HPL; ENCFF382LAV; ENCFF383XWW; ENCFF398OOD; ENCFF416NHC; ENCFF431FHJ; ENCFF434JDK; ENCFF471YUP; ENCFF514HVB; ENCFF520XQJ; ENCFF559LYQ; ENCFF559WOL; ENCFF571YBD; ENCFF580LUY; ENCFF587WTI; ENCFF587YQM; ENCFF620EMB; ENCFF624QFG; ENCFF693HAG; ENCFF698OYZ; ENCFF734HUF; ENCFF748PEZ; ENCFF773HQL; ENCFF826HDC; ENCFF833ZRV; ENCFF849VCJ; ENCFF866YBG; ENCFF889PON; ENCFF953YCY; ENCFF973IDD; ENCFF993QSS"
"JUND","ULBP2",35,50,"HCT116; HepG2; K562; MCF-7; SK-N-SH","ENCFF076ZKJ; ENCFF106WSZ; ENCFF159IRT; ENCFF164PZP; ENCFF177OAE; ENCFF178SFK; ENCFF207SFL; ENCFF213EYD; ENCFF306SZL; ENCFF309RNQ; ENCFF313VAP; ENCFF323HOG; ENCFF334CNE; ENCFF382LAV; ENCFF383XWW; ENCFF398OOD; ENCFF413IZF; ENCFF416NHC; ENCFF431FHJ; ENCFF432YUM; ENCFF471YUP; ENCFF520XQJ; ENCFF559LYQ; ENCFF571YBD; ENCFF587WTI; ENCFF587YQM; ENCFF624QFG; ENCFF662KJW; ENCFF691ERI; ENCFF748PEZ; ENCFF826HDC; ENCFF880POK; ENCFF904TDY; ENCFF973IDD; ENCFF993QSS"
"JUND","ULBP3",73,142,"HCT116; HeLa-S3; HepG2; K562; MCF-7; SK-N-SH; T47D","ENCFF001UGK; ENCFF001UGL; ENCFF001VKI; ENCFF001VNP; ENCFF001VRL; ENCFF002CKP; ENCFF002CUF; ENCFF002CWZ; ENCFF002DDZ; ENCFF106WSZ; ENCFF133YVZ; ENCFF146MHU; ENCFF159IRT; ENCFF164PZP; ENCFF177MTC; ENCFF178SFK; ENCFF185JWL; ENCFF187QQB; ENCFF190FYA; ENCFF190IVH; ENCFF194NEV; ENCFF207SFL; ENCFF215YYW; ENCFF265CMT; ENCFF289KHP; ENCFF308OYP; ENCFF310CQP; ENCFF313VAP; ENCFF323HOG; ENCFF337DKJ; ENCFF357JCS; ENCFF367HPL; ENCFF372VSG; ENCFF383XWW; ENCFF398EYK; ENCFF398OOD; ENCFF413IZF; ENCFF413ZYK; ENCFF431FHJ; ENCFF520XQJ; ENCFF559LYQ; ENCFF569ZCY; ENCFF571YBD; ENCFF580LUY; ENCFF587WTI; ENCFF587YQM; ENCFF596XCU; ENCFF624QFG; ENCFF662KJW; ENCFF684IDW; ENCFF691ERI; ENCFF693HAG; ENCFF716IBZ; ENCFF721HUX; ENCFF748PEZ; ENCFF749ZWC; ENCFF772HIT; ENCFF772MXQ; ENCFF773HQL; ENCFF774OPQ; ENCFF830ZWP; ENCFF833ZRV; ENCFF844LUC; ENCFF880POK; ENCFF889PON; ENCFF904TDY; ENCFF918BVV; ENCFF937KAC; ENCFF951EMI; ENCFF953YCY; ENCFF971UIP; ENCFF973IDD; ENCFF987IOK"
"KLF4","MICA",8,17,"MCF-7","ENCFF287QDZ; ENCFF320CYA; ENCFF441YSV; ENCFF642JAM; ENCFF688RBD; ENCFF763SZW; ENCFF908SGD; ENCFF974WCC"
"KLF4","MICB",6,9,"MCF-7","ENCFF070OJG; ENCFF441YSV; ENCFF642JAM; ENCFF751FQC; ENCFF763SZW; ENCFF974WCC"
"KLF4","RAET1E",2,2,"MCF-7","ENCFF441YSV; ENCFF974WCC"
"KLF4","RAET1G",5,5,"MCF-7","ENCFF070OJG; ENCFF441YSV; ENCFF751FQC; ENCFF897LGZ; ENCFF974WCC"
"KLF4","RAET1L",13,21,"MCF-7","ENCFF158OLY; ENCFF287QDZ; ENCFF320CYA; ENCFF410BQG; ENCFF429OUG; ENCFF441YSV; ENCFF461CLM; ENCFF536WWR; ENCFF642JAM; ENCFF688RBD; ENCFF763SZW; ENCFF908SGD; ENCFF974WCC"
"KLF4","ULBP1",8,13,"MCF-7","ENCFF320CYA; ENCFF441YSV; ENCFF642JAM; ENCFF688RBD; ENCFF763SZW; ENCFF897LGZ; ENCFF908SGD; ENCFF974WCC"
"KLF4","ULBP2",5,6,"MCF-7","ENCFF320CYA; ENCFF441YSV; ENCFF642JAM; ENCFF908SGD; ENCFF974WCC"
"KLF4","ULBP3",16,30,"MCF-7","ENCFF070OJG; ENCFF287QDZ; ENCFF320CYA; ENCFF410BQG; ENCFF441YSV; ENCFF461CLM; ENCFF463ZWH; ENCFF536WWR; ENCFF642JAM; ENCFF688RBD; ENCFF751FQC; ENCFF763SZW; ENCFF792BDD; ENCFF897LGZ; ENCFF908SGD; ENCFF974WCC"
"KLF6","MICA",22,68,"HepG2; K562","ENCFF060XHO; ENCFF128SLD; ENCFF259LBW; ENCFF264SCG; ENCFF290IVM; ENCFF321NAD; ENCFF324CCI; ENCFF353TIB; ENCFF385CUC; ENCFF407YHS; ENCFF563ZJM; ENCFF639DEG; ENCFF644KYH; ENCFF691KQK; ENCFF711GIA; ENCFF719ZPW; ENCFF723JNI; ENCFF759VEI; ENCFF826UBD; ENCFF831YRJ; ENCFF855INH; ENCFF980OTF"
"KLF6","MICB",13,46,"HepG2; K562","ENCFF060XHO; ENCFF259LBW; ENCFF264SCG; ENCFF321NAD; ENCFF324CCI; ENCFF385CUC; ENCFF407YHS; ENCFF644KYH; ENCFF663UAG; ENCFF691KQK; ENCFF826UBD; ENCFF831YRJ; ENCFF855INH"
"KLF6","RAET1E",7,10,"HepG2; K562","ENCFF259LBW; ENCFF324CCI; ENCFF639DEG; ENCFF663UAG; ENCFF691KQK; ENCFF826UBD; ENCFF831YRJ"
"KLF6","RAET1G",6,8,"HepG2; K562","ENCFF259LBW; ENCFF385CUC; ENCFF663UAG; ENCFF691KQK; ENCFF719ZPW; ENCFF855INH"
"KLF6","RAET1L",5,6,"HepG2","ENCFF259LBW; ENCFF324CCI; ENCFF663UAG; ENCFF691KQK; ENCFF831YRJ"
"KLF6","ULBP1",12,16,"HepG2; K562","ENCFF060XHO; ENCFF128SLD; ENCFF259LBW; ENCFF264SCG; ENCFF321NAD; ENCFF385CUC; ENCFF639DEG; ENCFF644KYH; ENCFF691KQK; ENCFF719ZPW; ENCFF826UBD; ENCFF831YRJ"
"KLF6","ULBP2",6,6,"HepG2; K562","ENCFF060XHO; ENCFF259LBW; ENCFF321NAD; ENCFF639DEG; ENCFF831YRJ; ENCFF855INH"
"KLF6","ULBP3",11,29,"HepG2; K562","ENCFF175VJE; ENCFF259LBW; ENCFF321NAD; ENCFF324CCI; ENCFF385CUC; ENCFF644KYH; ENCFF663UAG; ENCFF691KQK; ENCFF826UBD; ENCFF831YRJ; ENCFF855INH"
"MAFF","MICA",14,28,"HeLa-S3; HepG2; K562","ENCFF058FWB; ENCFF203SSN; ENCFF214UAD; ENCFF283WGH; ENCFF357OHG; ENCFF389AAK; ENCFF432JOE; ENCFF454FVR; ENCFF648QBS; ENCFF700ZVY; ENCFF735OJR; ENCFF750CVD; ENCFF804CGG; ENCFF928RGF"
"MAFF","MICB",20,30,"HeLa-S3; HepG2; K562","ENCFF003CWL; ENCFF145POH; ENCFF163JVC; ENCFF169XOL; ENCFF175OAK; ENCFF283WGH; ENCFF357OHG; ENCFF389AAK; ENCFF432JOE; ENCFF492VYK; ENCFF507YIO; ENCFF510JMY; ENCFF554QCN; ENCFF575MOS; ENCFF611VKE; ENCFF648QBS; ENCFF700ZVY; ENCFF750CVD; ENCFF755LJZ; ENCFF997ZWI"
"MAFF","RAET1E",19,29,"HeLa-S3; HepG2; K562","ENCFF001VKJ; ENCFF003CWL; ENCFF145POH; ENCFF163JVC; ENCFF175OAK; ENCFF283WGH; ENCFF357OHG; ENCFF432JOE; ENCFF510JMY; ENCFF575MOS; ENCFF583NBG; ENCFF611VKE; ENCFF648QBS; ENCFF684ASX; ENCFF700ZVY; ENCFF735OJR; ENCFF750CVD; ENCFF755LJZ; ENCFF864KPF"
"MAFF","RAET1G",10,11,"HeLa-S3; HepG2; K562","ENCFF003CWL; ENCFF203SSN; ENCFF357OHG; ENCFF432JOE; ENCFF510JMY; ENCFF583NBG; ENCFF611VKE; ENCFF648QBS; ENCFF750CVD; ENCFF928RGF"
"MAFF","RAET1L",6,6,"HeLa-S3; HepG2; K562","ENCFF175OAK; ENCFF583NBG; ENCFF750CVD; ENCFF755LJZ; ENCFF864KPF; ENCFF928RGF"
"MAFF","ULBP1",10,14,"HeLa-S3; HepG2; K562","ENCFF003CWL; ENCFF283WGH; ENCFF357OHG; ENCFF432JOE; ENCFF583NBG; ENCFF648QBS; ENCFF735OJR; ENCFF750CVD; ENCFF755LJZ; ENCFF928RGF"
"MAFF","ULBP2",5,8,"HepG2; K562","ENCFF175OAK; ENCFF583NBG; ENCFF611VKE; ENCFF755LJZ; ENCFF864KPF"
"MAFF","ULBP3",27,50,"HeLa-S3; HepG2; K562","ENCFF001VKJ; ENCFF001VNQ; ENCFF002CUG; ENCFF003CWL; ENCFF145POH; ENCFF163JVC; ENCFF169XOL; ENCFF175OAK; ENCFF203SSN; ENCFF308IXJ; ENCFF357OHG; ENCFF492VYK; ENCFF507YIO; ENCFF554QCN; ENCFF575MOS; ENCFF583NBG; ENCFF611VKE; ENCFF613UIO; ENCFF645NAR; ENCFF684ASX; ENCFF735OJR; ENCFF750CVD; ENCFF755LJZ; ENCFF864KPF; ENCFF928RGF; ENCFF939XMX; ENCFF997ZWI"
"MAFG","MICA",15,41,"HepG2; K562","ENCFF166ADO; ENCFF271XRG; ENCFF280EDT; ENCFF393CCU; ENCFF421KPL; ENCFF458UTN; ENCFF493DXA; ENCFF513DQS; ENCFF571LUR; ENCFF652JKA; ENCFF703AYW; ENCFF748CBU; ENCFF914NRR; ENCFF918WGH; ENCFF984LWO"
"MAFG","MICB",14,30,"HepG2; K562","ENCFF166ADO; ENCFF271XRG; ENCFF280EDT; ENCFF393CCU; ENCFF421KPL; ENCFF513DQS; ENCFF638THQ; ENCFF652JKA; ENCFF703AYW; ENCFF748CBU; ENCFF865YCE; ENCFF914NRR; ENCFF918WGH; ENCFF921SVE"
"MAFG","RAET1E",5,8,"HepG2; K562","ENCFF166ADO; ENCFF421KPL; ENCFF638THQ; ENCFF656MRW; ENCFF703AYW"
"MAFG","RAET1G",8,14,"HepG2; K562","ENCFF166ADO; ENCFF271XRG; ENCFF513DQS; ENCFF580BFZ; ENCFF656MRW; ENCFF703AYW; ENCFF748CBU; ENCFF914NRR"
"MAFG","RAET1L",5,5,"HepG2; K562","ENCFF271XRG; ENCFF580BFZ; ENCFF703AYW; ENCFF748CBU; ENCFF918WGH"
"MAFG","ULBP1",9,12,"HepG2; K562","ENCFF271XRG; ENCFF421KPL; ENCFF580BFZ; ENCFF638THQ; ENCFF703AYW; ENCFF748CBU; ENCFF865YCE; ENCFF914NRR; ENCFF918WGH"
"MAFG","ULBP2",2,3,"K562","ENCFF271XRG; ENCFF748CBU"
"MAFG","ULBP3",7,14,"K562","ENCFF271XRG; ENCFF421KPL; ENCFF638THQ; ENCFF703AYW; ENCFF748CBU; ENCFF921SVE; ENCFF927JBT"
"MAFK","MICA",39,65,"A549; HeLa-S3; HepG2; K562; MCF-7","ENCFF006QFD; ENCFF123SPG; ENCFF129FEV; ENCFF203FWR; ENCFF215LEX; ENCFF254FTP; ENCFF328BUR; ENCFF359VOP; ENCFF405ULY; ENCFF420ZOS; ENCFF426JQF; ENCFF429HAJ; ENCFF443MTV; ENCFF459PTW; ENCFF470INQ; ENCFF525DOE; ENCFF591MWE; ENCFF618XMB; ENCFF631VUG; ENCFF655JPA; ENCFF661ZJX; ENCFF665VSU; ENCFF780KTM; ENCFF805GTE; ENCFF813WJW; ENCFF835GLG; ENCFF876SRV; ENCFF883KWQ; ENCFF886KDA; ENCFF891TSI; ENCFF893SCL; ENCFF915SCX; ENCFF918TZK; ENCFF928TIZ; ENCFF956PMM; ENCFF966JUD; ENCFF982XOA; ENCFF986FPB; ENCFF994KMW"
"MAFK","MICB",29,54,"A549; HeLa-S3; HepG2; K562; MCF-7","ENCFF001VNR; ENCFF015GTP; ENCFF067XYR; ENCFF072BMK; ENCFF092FFG; ENCFF203FWR; ENCFF215LEX; ENCFF254FTP; ENCFF328BUR; ENCFF420ZOS; ENCFF422YLS; ENCFF443MTV; ENCFF459PTW; ENCFF525DOE; ENCFF618XMB; ENCFF629FTW; ENCFF660EKS; ENCFF661ZJX; ENCFF700LQD; ENCFF742HOV; ENCFF796KTU; ENCFF805GTE; ENCFF825NAB; ENCFF887IBL; ENCFF891TSI; ENCFF910OBA; ENCFF918TZK; ENCFF966JUD; ENCFF982XOA"
"MAFK","RAET1E",42,59,"A549; HeLa-S3; HepG2; K562; MCF-7","ENCFF001VKK; ENCFF001VKL; ENCFF002CUH; ENCFF006QFD; ENCFF015GTP; ENCFF016LSH; ENCFF057RCM; ENCFF067XYR; ENCFF072BMK; ENCFF092FFG; ENCFF123SPG; ENCFF171KTF; ENCFF215LEX; ENCFF226DHX; ENCFF227YDJ; ENCFF254FTP; ENCFF328BUR; ENCFF359VOP; ENCFF420ZOS; ENCFF422YLS; ENCFF433MKF; ENCFF443MTV; ENCFF459PTW; ENCFF488ICN; ENCFF569VYO; ENCFF629FTW; ENCFF631VUG; ENCFF660EKS; ENCFF661ZJX; ENCFF700LQD; ENCFF718CQQ; ENCFF780KTM; ENCFF796KTU; ENCFF814UDQ; ENCFF883KWQ; ENCFF887IBL; ENCFF910OBA; ENCFF915SCX; ENCFF918TZK; ENCFF966JUD; ENCFF973PJK; ENCFF982XOA"
"MAFK","RAET1G",23,31,"HeLa-S3; HepG2; K562; MCF-7","ENCFF001VKK; ENCFF006QFD; ENCFF015GTP; ENCFF016LSH; ENCFF057RCM; ENCFF067XYR; ENCFF092FFG; ENCFF107XSH; ENCFF123SPG; ENCFF215LEX; ENCFF254FTP; ENCFF359VOP; ENCFF420ZOS; ENCFF422YLS; ENCFF426JQF; ENCFF443MTV; ENCFF629FTW; ENCFF700LQD; ENCFF780KTM; ENCFF835GLG; ENCFF910OBA; ENCFF915SCX; ENCFF918TZK"
"MAFK","RAET1L",20,21,"A549; HeLa-S3; HepG2; K562; MCF-7","ENCFF001VKK; ENCFF016LSH; ENCFF057RCM; ENCFF067XYR; ENCFF072BMK; ENCFF092FFG; ENCFF123SPG; ENCFF215LEX; ENCFF254FTP; ENCFF420ZOS; ENCFF422YLS; ENCFF426JQF; ENCFF525DOE; ENCFF660EKS; ENCFF805GTE; ENCFF825NAB; ENCFF887IBL; ENCFF915SCX; ENCFF918TZK; ENCFF973PJK"
"MAFK","ULBP1",27,35,"HeLa-S3; HepG2; K562; MCF-7","ENCFF006QFD; ENCFF057RCM; ENCFF203FWR; ENCFF254FTP; ENCFF328BUR; ENCFF359VOP; ENCFF420ZOS; ENCFF426JQF; ENCFF439TJM; ENCFF443MTV; ENCFF459PTW; ENCFF488ICN; ENCFF525DOE; ENCFF618XMB; ENCFF660EKS; ENCFF661ZJX; ENCFF750FGO; ENCFF796KTU; ENCFF805GTE; ENCFF883KWQ; ENCFF887IBL; ENCFF891TSI; ENCFF893SCL; ENCFF910OBA; ENCFF918TZK; ENCFF956PMM; ENCFF982XOA"
"MAFK","ULBP2",22,28,"HepG2; K562; MCF-7","ENCFF001VKK; ENCFF006QFD; ENCFF015GTP; ENCFF016LSH; ENCFF057RCM; ENCFF067XYR; ENCFF072BMK; ENCFF092FFG; ENCFF420ZOS; ENCFF422YLS; ENCFF426JQF; ENCFF525DOE; ENCFF618XMB; ENCFF660EKS; ENCFF681ZCY; ENCFF700LQD; ENCFF750FGO; ENCFF805GTE; ENCFF825NAB; ENCFF887IBL; ENCFF910OBA; ENCFF918TZK"
"MAFK","ULBP3",43,86,"A549; HeLa-S3; HepG2; K562; MCF-7","ENCFF001VIR; ENCFF001VKK; ENCFF001VKL; ENCFF001VNR; ENCFF002CUH; ENCFF002CUI; ENCFF006QFD; ENCFF015GTP; ENCFF016LSH; ENCFF057RCM; ENCFF067XYR; ENCFF072BMK; ENCFF092FFG; ENCFF123SPG; ENCFF171KTF; ENCFF215LEX; ENCFF227YDJ; ENCFF254FTP; ENCFF331AZY; ENCFF359VOP; ENCFF420ZOS; ENCFF422YLS; ENCFF426JQF; ENCFF433MKF; ENCFF443MTV; ENCFF488ICN; ENCFF525DOE; ENCFF530ZTE; ENCFF569VYO; ENCFF629FTW; ENCFF660EKS; ENCFF661ZJX; ENCFF700LQD; ENCFF718CQQ; ENCFF742HOV; ENCFF796KTU; ENCFF800XTT; ENCFF814UDQ; ENCFF883KWQ; ENCFF887IBL; ENCFF915SCX; ENCFF918TZK; ENCFF973PJK"
"MECOM","MICA",6,7,"K562","ENCFF188PLS; ENCFF282VIL; ENCFF457JCV; ENCFF482YKV; ENCFF518NBP; ENCFF856WER"
"MECOM","MICB",3,3,"K562","ENCFF457JCV; ENCFF518NBP; ENCFF856WER"
"MECOM","RAET1E",1,1,"K562","ENCFF282VIL"
"MECOM","RAET1G",1,1,"K562","ENCFF518NBP"
"MECOM","ULBP1",4,8,"K562","ENCFF282VIL; ENCFF457JCV; ENCFF518NBP; ENCFF856WER"
"MECOM","ULBP2",3,3,"K562","ENCFF282VIL; ENCFF518NBP; ENCFF856WER"
"MYBL2","MICA",16,46,"HepG2; K562","ENCFF092PUO; ENCFF182JRE; ENCFF185WGM; ENCFF319SIL; ENCFF321LVM; ENCFF325ZNW; ENCFF361HRW; ENCFF406XUO; ENCFF416ILX; ENCFF482YXK; ENCFF579EPB; ENCFF605MMQ; ENCFF605QZD; ENCFF639MRN; ENCFF904DOZ; ENCFF904TIY"
"MYBL2","MICB",16,31,"HepG2; K562","ENCFF001UGQ; ENCFF001UGR; ENCFF092PUO; ENCFF182JRE; ENCFF321LVM; ENCFF325ZNW; ENCFF406XUO; ENCFF416ILX; ENCFF482YXK; ENCFF486FET; ENCFF579EPB; ENCFF605MMQ; ENCFF605QZD; ENCFF639MRN; ENCFF677IKS; ENCFF904DOZ"
"MYBL2","RAET1E",13,21,"K562","ENCFF185WGM; ENCFF319SIL; ENCFF406XUO; ENCFF434VVG; ENCFF471GVN; ENCFF486FET; ENCFF516MWP; ENCFF534CIF; ENCFF569QON; ENCFF677IKS; ENCFF827OZO; ENCFF875CQY; ENCFF904TIY"
"MYBL2","RAET1G",8,16,"HepG2; K562","ENCFF185WGM; ENCFF319SIL; ENCFF416ILX; ENCFF486FET; ENCFF605MMQ; ENCFF639MRN; ENCFF677IKS; ENCFF904TIY"
"MYBL2","RAET1L",5,10,"K562","ENCFF486FET; ENCFF534CIF; ENCFF677IKS; ENCFF827OZO; ENCFF875CQY"
"MYBL2","ULBP1",12,18,"K562","ENCFF185WGM; ENCFF319SIL; ENCFF406XUO; ENCFF434VVG; ENCFF471GVN; ENCFF482YXK; ENCFF486FET; ENCFF516MWP; ENCFF677IKS; ENCFF827OZO; ENCFF875CQY; ENCFF904TIY"
"MYBL2","ULBP2",4,6,"K562","ENCFF486FET; ENCFF534CIF; ENCFF677IKS; ENCFF875CQY"
"MYBL2","ULBP3",11,22,"HepG2; K562","ENCFF001UGQ; ENCFF001UGR; ENCFF002CKR; ENCFF185WGM; ENCFF319SIL; ENCFF406XUO; ENCFF416ILX; ENCFF471GVN; ENCFF534CIF; ENCFF605MMQ; ENCFF639MRN"
"NFE2","MICA",32,67,"HepG2; K562","ENCFF022UGZ; ENCFF023IFO; ENCFF145JGI; ENCFF167QZB; ENCFF268QZM; ENCFF286HTI; ENCFF290DPG; ENCFF312XHI; ENCFF379KBK; ENCFF382ROI; ENCFF414SPM; ENCFF474PRJ; ENCFF552ZAY; ENCFF612OZE; ENCFF619AGT; ENCFF667ZVG; ENCFF688MMW; ENCFF688VET; ENCFF692VLU; ENCFF702TRJ; ENCFF709WGK; ENCFF710ZCP; ENCFF769VDQ; ENCFF783MLP; ENCFF789EHD; ENCFF795DQU; ENCFF813HVG; ENCFF878FYH; ENCFF882SPG; ENCFF953QNB; ENCFF969HIU; ENCFF970SEK"
"NFE2","MICB",20,30,"K562","ENCFF022UGZ; ENCFF140CQS; ENCFF167QZB; ENCFF290DPG; ENCFF474PRJ; ENCFF552ZAY; ENCFF619AGT; ENCFF688MMW; ENCFF688VET; ENCFF692VLU; ENCFF702TRJ; ENCFF710ZCP; ENCFF783MLP; ENCFF789EHD; ENCFF795DQU; ENCFF803FZY; ENCFF813HVG; ENCFF878FYH; ENCFF882SPG; ENCFF970SEK"
"NFE2","RAET1E",8,9,"HepG2; K562","ENCFF268QZM; ENCFF290DPG; ENCFF340IHP; ENCFF692VLU; ENCFF795DQU; ENCFF803FZY; ENCFF813HVG; ENCFF953QNB"
"NFE2","RAET1G",7,7,"HepG2; K562","ENCFF290DPG; ENCFF340IHP; ENCFF414SPM; ENCFF692VLU; ENCFF803FZY; ENCFF813HVG; ENCFF953QNB"
"NFE2","RAET1L",9,12,"K562","ENCFF140CQS; ENCFF290DPG; ENCFF619AGT; ENCFF688MMW; ENCFF692VLU; ENCFF710ZCP; ENCFF789EHD; ENCFF803FZY; ENCFF878FYH"
"NFE2","ULBP1",16,24,"HepG2; K562","ENCFF140CQS; ENCFF268QZM; ENCFF290DPG; ENCFF552ZAY; ENCFF619AGT; ENCFF688MMW; ENCFF692VLU; ENCFF702TRJ; ENCFF710ZCP; ENCFF783MLP; ENCFF789EHD; ENCFF795DQU; ENCFF803FZY; ENCFF813HVG; ENCFF882SPG; ENCFF953QNB"
"NFE2","ULBP2",15,19,"K562","ENCFF022UGZ; ENCFF140CQS; ENCFF167QZB; ENCFF290DPG; ENCFF382ROI; ENCFF612OZE; ENCFF619AGT; ENCFF688MMW; ENCFF692VLU; ENCFF710ZCP; ENCFF789EHD; ENCFF795DQU; ENCFF803FZY; ENCFF813HVG; ENCFF882SPG"
"NFE2","ULBP3",22,35,"HepG2; K562","ENCFF022UGZ; ENCFF140CQS; ENCFF167QZB; ENCFF268QZM; ENCFF290DPG; ENCFF495MHZ; ENCFF496KKT; ENCFF552ZAY; ENCFF612OZE; ENCFF619AGT; ENCFF688MMW; ENCFF692VLU; ENCFF702TRJ; ENCFF710ZCP; ENCFF783MLP; ENCFF789EHD; ENCFF795DQU; ENCFF803FZY; ENCFF813HVG; ENCFF878FYH; ENCFF882SPG; ENCFF911VSD"
"NFE2L1","MICA",6,14,"HepG2; K562","ENCFF164IDS; ENCFF197SSW; ENCFF618AYC; ENCFF769HIU; ENCFF832DVQ; ENCFF926BLJ"
"NFE2L1","MICB",8,12,"HepG2; K562","ENCFF197SSW; ENCFF556LDH; ENCFF618AYC; ENCFF627BPL; ENCFF769HIU; ENCFF771POP; ENCFF832DVQ; ENCFF926BLJ"
"NFE2L1","RAET1E",9,13,"HepG2; K562","ENCFF065CJT; ENCFF164IDS; ENCFF192SZH; ENCFF290CCX; ENCFF618AYC; ENCFF769HIU; ENCFF832DVQ; ENCFF926BLJ; ENCFF965PAJ"
"NFE2L1","RAET1G",8,15,"HepG2; K562","ENCFF065CJT; ENCFF164IDS; ENCFF197SSW; ENCFF290CCX; ENCFF627BPL; ENCFF769HIU; ENCFF771POP; ENCFF832DVQ"
"NFE2L1","RAET1L",7,15,"HepG2; K562","ENCFF065CJT; ENCFF192SZH; ENCFF197SSW; ENCFF290CCX; ENCFF627BPL; ENCFF769HIU; ENCFF832DVQ"
"NFE2L1","ULBP1",10,15,"HepG2; K562","ENCFF065CJT; ENCFF164IDS; ENCFF192SZH; ENCFF197SSW; ENCFF290CCX; ENCFF627BPL; ENCFF769HIU; ENCFF771POP; ENCFF832DVQ; ENCFF965PAJ"
"NFE2L1","ULBP2",6,8,"HepG2; K562","ENCFF065CJT; ENCFF192SZH; ENCFF290CCX; ENCFF627BPL; ENCFF769HIU; ENCFF832DVQ"
"NFE2L1","ULBP3",7,13,"HepG2; K562","ENCFF164IDS; ENCFF197SSW; ENCFF627BPL; ENCFF769HIU; ENCFF771POP; ENCFF832DVQ; ENCFF926BLJ"
"NFE2L2","MICA",26,37,"A549; HeLa-S3; HepG2","ENCFF144BHZ; ENCFF225ICI; ENCFF249ESZ; ENCFF251RLC; ENCFF258BSJ; ENCFF305KIK; ENCFF307QAR; ENCFF315ZHU; ENCFF414UMG; ENCFF427FBA; ENCFF445YDK; ENCFF555MVU; ENCFF560ZPB; ENCFF599YMR; ENCFF606SHP; ENCFF664AZO; ENCFF668QDD; ENCFF687KJY; ENCFF728KXV; ENCFF737CTQ; ENCFF753VOX; ENCFF767PWR; ENCFF794DLT; ENCFF804BLY; ENCFF915ZZL; ENCFF929ZCR"
"NFE2L2","MICB",19,27,"A549; HeLa-S3; HepG2","ENCFF126HBJ; ENCFF128XNM; ENCFF144BHZ; ENCFF258BSJ; ENCFF315ZHU; ENCFF332PXJ; ENCFF445YDK; ENCFF555MVU; ENCFF560ZPB; ENCFF596MOA; ENCFF606SHP; ENCFF687KJY; ENCFF728KXV; ENCFF737CTQ; ENCFF753VOX; ENCFF767PWR; ENCFF774CXV; ENCFF794DLT; ENCFF929ZCR"
"NFE2L2","RAET1E",16,25,"A549; HeLa-S3; HepG2","ENCFF126HBJ; ENCFF128XNM; ENCFF225ICI; ENCFF251RLC; ENCFF315ZHU; ENCFF407SGC; ENCFF477DMR; ENCFF560ZPB; ENCFF596MOA; ENCFF599YMR; ENCFF606SHP; ENCFF687KJY; ENCFF728KXV; ENCFF774CXV; ENCFF794DLT; ENCFF929ZCR"
"NFE2L2","RAET1G",16,24,"A549; HeLa-S3; HepG2","ENCFF130LVT; ENCFF225ICI; ENCFF249ESZ; ENCFF258BSJ; ENCFF307QAR; ENCFF314DTI; ENCFF315ZHU; ENCFF332PXJ; ENCFF407SGC; ENCFF560ZPB; ENCFF599YMR; ENCFF606SHP; ENCFF687KJY; ENCFF767PWR; ENCFF915ZZL; ENCFF929ZCR"
"NFE2L2","RAET1L",13,19,"A549; HeLa-S3; HepG2","ENCFF128XNM; ENCFF144BHZ; ENCFF249ESZ; ENCFF315ZHU; ENCFF407SGC; ENCFF427FBA; ENCFF555MVU; ENCFF560ZPB; ENCFF596MOA; ENCFF606SHP; ENCFF687KJY; ENCFF728KXV; ENCFF929ZCR"
"NFE2L2","ULBP1",16,18,"A549; HeLa-S3; HepG2","ENCFF126HBJ; ENCFF128XNM; ENCFF144BHZ; ENCFF251RLC; ENCFF307QAR; ENCFF315ZHU; ENCFF332PXJ; ENCFF407SGC; ENCFF427FBA; ENCFF555MVU; ENCFF560ZPB; ENCFF596MOA; ENCFF606SHP; ENCFF728KXV; ENCFF774CXV; ENCFF794DLT"
"NFE2L2","ULBP2",5,6,"A549; HeLa-S3; HepG2","ENCFF225ICI; ENCFF315ZHU; ENCFF407SGC; ENCFF687KJY; ENCFF929ZCR"
"NFE2L2","ULBP3",17,29,"A549; HeLa-S3; HepG2","ENCFF126HBJ; ENCFF128XNM; ENCFF144BHZ; ENCFF249ESZ; ENCFF251RLC; ENCFF314DTI; ENCFF315ZHU; ENCFF332PXJ; ENCFF407SGC; ENCFF427FBA; ENCFF445YDK; ENCFF555MVU; ENCFF596MOA; ENCFF606SHP; ENCFF737CTQ; ENCFF774CXV; ENCFF794DLT"
"NPAS2","MICA",1,1,"HepG2","ENCFF319BSY"
"NPAS2","RAET1G",4,8,"A549; HepG2","ENCFF157FQI; ENCFF319BSY; ENCFF549YLW; ENCFF626FYS"
"NPAS2","RAET1L",1,1,"HepG2","ENCFF157FQI"
"NPAS2","ULBP1",3,4,"HepG2","ENCFF157FQI; ENCFF324JTK; ENCFF626FYS"
"NPAS2","ULBP2",1,1,"A549","ENCFF057DUA"
"NPAS2","ULBP3",1,1,"HepG2","ENCFF319BSY"
"PBX1","MICA",3,3,"A549","ENCFF498MHZ; ENCFF691QEO; ENCFF948EXF"
"PBX1","MICB",3,3,"A549","ENCFF498MHZ; ENCFF691QEO; ENCFF948EXF"
"PBX1","ULBP1",8,8,"A549","ENCFF066IIM; ENCFF477MST; ENCFF498MHZ; ENCFF691QEO; ENCFF813NES; ENCFF845KIA; ENCFF948EXF; ENCFF992LDJ"
"PBX1","ULBP2",3,4,"A549","ENCFF498MHZ; ENCFF845KIA; ENCFF948EXF"
"PBX1","ULBP3",6,6,"A549","ENCFF066IIM; ENCFF498MHZ; ENCFF691QEO; ENCFF845KIA; ENCFF948EXF; ENCFF992LDJ"
"PBX3","MICA",13,25,"A549; HepG2; SK-N-SH","ENCFF041RXQ; ENCFF212LXS; ENCFF236PPB; ENCFF324CEM; ENCFF329VXJ; ENCFF493MJT; ENCFF519LTD; ENCFF558AKZ; ENCFF672RKS; ENCFF742YSJ; ENCFF761OUW; ENCFF763CXG; ENCFF968BSH"
"PBX3","MICB",7,9,"HepG2; SK-N-SH","ENCFF001UPX; ENCFF001UPY; ENCFF041RXQ; ENCFF212LXS; ENCFF493MJT; ENCFF761OUW; ENCFF763CXG"
"PBX3","RAET1E",4,8,"SK-N-SH","ENCFF493MJT; ENCFF677WKE; ENCFF761OUW; ENCFF763CXG"
"PBX3","RAET1G",3,3,"A549; HepG2","ENCFF558AKZ; ENCFF742YSJ; ENCFF951DAN"
"PBX3","RAET1L",2,2,"SK-N-SH","ENCFF001UPX; ENCFF001UPY"
"PBX3","ULBP1",12,14,"A549; SK-N-SH","ENCFF154YQZ; ENCFF329VXJ; ENCFF339XID; ENCFF493MJT; ENCFF519LTD; ENCFF656HFI; ENCFF732ZLF; ENCFF742YSJ; ENCFF761OUW; ENCFF763CXG; ENCFF951DAN; ENCFF968BSH"
"PBX3","ULBP2",7,7,"SK-N-SH","ENCFF154YQZ; ENCFF236PPB; ENCFF493MJT; ENCFF677WKE; ENCFF761OUW; ENCFF763CXG; ENCFF968BSH"
"PBX3","ULBP3",9,9,"A549; SK-N-SH","ENCFF154YQZ; ENCFF236PPB; ENCFF324CEM; ENCFF329VXJ; ENCFF493MJT; ENCFF677WKE; ENCFF761OUW; ENCFF763CXG; ENCFF968BSH"
"RUNX1","MICA",25,44,"K562","ENCFF011EFB; ENCFF015ADG; ENCFF083XOF; ENCFF157SQN; ENCFF181EXX; ENCFF204LDT; ENCFF206UIN; ENCFF246CBF; ENCFF246VDU; ENCFF357PLM; ENCFF369UML; ENCFF370QHV; ENCFF374EFU; ENCFF401PPU; ENCFF436PYK; ENCFF479CNG; ENCFF519QJO; ENCFF560AQD; ENCFF588IAG; ENCFF689EEG; ENCFF766PWX; ENCFF826RWZ; ENCFF913CGA; ENCFF927HFR; ENCFF975OUG"
"RUNX1","MICB",19,48,"K562","ENCFF011EFB; ENCFF083XOF; ENCFF157SQN; ENCFF204LDT; ENCFF206UIN; ENCFF246CBF; ENCFF246VDU; ENCFF370QHV; ENCFF401PPU; ENCFF436PYK; ENCFF519QJO; ENCFF560AQD; ENCFF573DRR; ENCFF588IAG; ENCFF689EEG; ENCFF766PWX; ENCFF826RWZ; ENCFF913CGA; ENCFF975OUG"
"RUNX1","RAET1E",12,22,"K562","ENCFF011EFB; ENCFF172NAU; ENCFF206UIN; ENCFF246CBF; ENCFF246VDU; ENCFF370QHV; ENCFF401PPU; ENCFF519QJO; ENCFF689EEG; ENCFF766PWX; ENCFF826RWZ; ENCFF927HFR"
"RUNX1","RAET1G",12,26,"K562","ENCFF083XOF; ENCFF157SQN; ENCFF246VDU; ENCFF370QHV; ENCFF401PPU; ENCFF436PYK; ENCFF519QJO; ENCFF560AQD; ENCFF588IAG; ENCFF826RWZ; ENCFF913CGA; ENCFF975OUG"
"RUNX1","RAET1L",6,10,"K562","ENCFF083XOF; ENCFF157SQN; ENCFF206UIN; ENCFF246VDU; ENCFF436PYK; ENCFF560AQD"
"RUNX1","ULBP1",16,40,"K562","ENCFF049YPY; ENCFF083XOF; ENCFF157SQN; ENCFF172NAU; ENCFF246CBF; ENCFF246VDU; ENCFF369UML; ENCFF370QHV; ENCFF436PYK; ENCFF479CNG; ENCFF519QJO; ENCFF560AQD; ENCFF588IAG; ENCFF766PWX; ENCFF913CGA; ENCFF975OUG"
"RUNX1","ULBP2",15,24,"K562","ENCFF083XOF; ENCFF157SQN; ENCFF172NAU; ENCFF206UIN; ENCFF246CBF; ENCFF246VDU; ENCFF401PPU; ENCFF436PYK; ENCFF519QJO; ENCFF560AQD; ENCFF689EEG; ENCFF766PWX; ENCFF826RWZ; ENCFF913CGA; ENCFF975OUG"
"RUNX1","ULBP3",16,45,"K562","ENCFF011EFB; ENCFF083XOF; ENCFF157SQN; ENCFF172NAU; ENCFF206UIN; ENCFF246CBF; ENCFF246VDU; ENCFF401PPU; ENCFF436PYK; ENCFF519QJO; ENCFF560AQD; ENCFF573DRR; ENCFF588IAG; ENCFF689EEG; ENCFF766PWX; ENCFF826RWZ"
"SP1","MICA",47,103,"HCT116; HepG2; K562; MCF-7","ENCFF012RTC; ENCFF022SPK; ENCFF105XMS; ENCFF141BNU; ENCFF144LSV; ENCFF182BYO; ENCFF190CLO; ENCFF242PEU; ENCFF251ULY; ENCFF269COU; ENCFF281VNN; ENCFF314MDR; ENCFF333SWC; ENCFF351FUG; ENCFF361NRI; ENCFF397VNT; ENCFF412ERW; ENCFF442GMI; ENCFF452LDK; ENCFF462LGV; ENCFF482RLB; ENCFF485GJV; ENCFF517UED; ENCFF528QDU; ENCFF533IUC; ENCFF553ICR; ENCFF553OVY; ENCFF583RCF; ENCFF621FNG; ENCFF635UNX; ENCFF694DZO; ENCFF695MSY; ENCFF721SBW; ENCFF730MAR; ENCFF790ETX; ENCFF816NKN; ENCFF857MEZ; ENCFF858NWA; ENCFF872KVF; ENCFF904OAW; ENCFF932QXK; ENCFF946JCH; ENCFF967VSP; ENCFF976VQH; ENCFF979OOW; ENCFF984FGT; ENCFF994TVF"
"SP1","MICB",37,67,"HCT116; HepG2; K562; MCF-7","ENCFF012RTC; ENCFF103ESU; ENCFF105XMS; ENCFF121SXP; ENCFF141BNU; ENCFF144LSV; ENCFF182BYO; ENCFF242PEU; ENCFF269COU; ENCFF269OJD; ENCFF351FUG; ENCFF361NRI; ENCFF420CVJ; ENCFF422VXS; ENCFF442GMI; ENCFF452LDK; ENCFF459WKK; ENCFF482RLB; ENCFF485GJV; ENCFF517UED; ENCFF533IUC; ENCFF553OVY; ENCFF583RCF; ENCFF621FNG; ENCFF694KUN; ENCFF699WES; ENCFF721SBW; ENCFF730MAR; ENCFF740QPT; ENCFF778OYJ; ENCFF790ETX; ENCFF816NKN; ENCFF857MEZ; ENCFF904OAW; ENCFF932QXK; ENCFF979OOW; ENCFF994TVF"
"SP1","RAET1E",30,46,"HCT116; HepG2; K562; MCF-7","ENCFF003QBR; ENCFF012RTC; ENCFF121SXP; ENCFF141BNU; ENCFF182BYO; ENCFF251ULY; ENCFF314MDR; ENCFF351FUG; ENCFF361NRI; ENCFF397VNT; ENCFF442GMI; ENCFF482RLB; ENCFF519LNU; ENCFF553ICR; ENCFF583RCF; ENCFF600MKH; ENCFF621FNG; ENCFF635UNX; ENCFF694KUN; ENCFF699WES; ENCFF721SBW; ENCFF740QPT; ENCFF778OYJ; ENCFF894JDZ; ENCFF904OAW; ENCFF912ITB; ENCFF932QXK; ENCFF946JCH; ENCFF979OOW; ENCFF990HAQ"
"SP1","RAET1G",35,54,"HepG2; K562; MCF-7","ENCFF012RTC; ENCFF141BNU; ENCFF144LSV; ENCFF242PEU; ENCFF351FUG; ENCFF361NRI; ENCFF397VNT; ENCFF412ERW; ENCFF420CVJ; ENCFF482RLB; ENCFF485GJV; ENCFF517UED; ENCFF533IUC; ENCFF553OVY; ENCFF583RCF; ENCFF621FNG; ENCFF635UNX; ENCFF694DZO; ENCFF694KUN; ENCFF699WES; ENCFF721SBW; ENCFF730MAR; ENCFF740QPT; ENCFF778OYJ; ENCFF790ETX; ENCFF816NKN; ENCFF857MEZ; ENCFF858NWA; ENCFF894JDZ; ENCFF894RIX; ENCFF904OAW; ENCFF932QXK; ENCFF976VQH; ENCFF979OOW; ENCFF994TVF"
"SP1","RAET1L",34,53,"HCT116; HepG2; K562; MCF-7","ENCFF003QBR; ENCFF012RTC; ENCFF096VAL; ENCFF099AQK; ENCFF103ESU; ENCFF141BNU; ENCFF182BYO; ENCFF251ULY; ENCFF269OJD; ENCFF314MDR; ENCFF366HLG; ENCFF422VXS; ENCFF442GMI; ENCFF459WKK; ENCFF482RLB; ENCFF519LNU; ENCFF546ASI; ENCFF553ICR; ENCFF583RCF; ENCFF600MKH; ENCFF621FNG; ENCFF635UNX; ENCFF694KUN; ENCFF699WES; ENCFF721SBW; ENCFF740QPT; ENCFF778OYJ; ENCFF816NKN; ENCFF852HEY; ENCFF894RIX; ENCFF904OAW; ENCFF912ITB; ENCFF946JCH; ENCFF990HAQ"
"SP1","ULBP1",61,90,"HCT116; HepG2; K562; MCF-7","ENCFF003QBR; ENCFF012RTC; ENCFF099AQK; ENCFF103ESU; ENCFF121SXP; ENCFF141BNU; ENCFF144LSV; ENCFF171NEU; ENCFF182BYO; ENCFF194MEG; ENCFF251ULY; ENCFF269COU; ENCFF269OJD; ENCFF281VNN; ENCFF314MDR; ENCFF366HLG; ENCFF397VNT; ENCFF412ERW; ENCFF422VXS; ENCFF440HZQ; ENCFF442GMI; ENCFF452LDK; ENCFF459WKK; ENCFF482RLB; ENCFF485GJV; ENCFF517UED; ENCFF519LNU; ENCFF528QDU; ENCFF553GPK; ENCFF553ICR; ENCFF553OVY; ENCFF583RCF; ENCFF600MKH; ENCFF621FNG; ENCFF694DZO; ENCFF694KUN; ENCFF695MSY; ENCFF699WES; ENCFF721SBW; ENCFF730MAR; ENCFF740QPT; ENCFF778OYJ; ENCFF790ETX; ENCFF816NKN; ENCFF852HEY; ENCFF857MEZ; ENCFF858NWA; ENCFF886XES; ENCFF894JDZ; ENCFF894RIX; ENCFF904OAW; ENCFF912ITB; ENCFF930GII; ENCFF932QXK; ENCFF946JCH; ENCFF964MUO; ENCFF967VSP; ENCFF979OOW; ENCFF984FGT; ENCFF990HAQ; ENCFF994TVF"
"SP1","ULBP2",40,55,"HCT116; HepG2; K562; MCF-7","ENCFF003QBR; ENCFF012RTC; ENCFF096VAL; ENCFF141BNU; ENCFF144LSV; ENCFF182BYO; ENCFF194MEG; ENCFF251ULY; ENCFF269COU; ENCFF269OJD; ENCFF281VNN; ENCFF314MDR; ENCFF351FUG; ENCFF361NRI; ENCFF412ERW; ENCFF420CVJ; ENCFF422VXS; ENCFF440HZQ; ENCFF442GMI; ENCFF452LDK; ENCFF482RLB; ENCFF485GJV; ENCFF519LNU; ENCFF553GPK; ENCFF553ICR; ENCFF583RCF; ENCFF600MKH; ENCFF621FNG; ENCFF695MSY; ENCFF721SBW; ENCFF740QPT; ENCFF790ETX; ENCFF816NKN; ENCFF857MEZ; ENCFF904OAW; ENCFF930GII; ENCFF932QXK; ENCFF946JCH; ENCFF984FGT; ENCFF994TVF"
"SP1","ULBP3",53,112,"HCT116; HepG2; K562; MCF-7","ENCFF001UEK; ENCFF001UEL; ENCFF001UHM; ENCFF002CLB; ENCFF002CMN; ENCFF003QBR; ENCFF012RTC; ENCFF058NMZ; ENCFF096VAL; ENCFF099AQK; ENCFF103ESU; ENCFF121SXP; ENCFF141BNU; ENCFF144LSV; ENCFF269COU; ENCFF269OJD; ENCFF297KAT; ENCFF300XUA; ENCFF321TMN; ENCFF351FUG; ENCFF361NRI; ENCFF366HLG; ENCFF420CVJ; ENCFF422VXS; ENCFF442GMI; ENCFF452LDK; ENCFF459WKK; ENCFF482RLB; ENCFF485GJV; ENCFF546ASI; ENCFF553GPK; ENCFF583RCF; ENCFF621FNG; ENCFF694KUN; ENCFF695MSY; ENCFF699WES; ENCFF721SBW; ENCFF740QPT; ENCFF741WKY; ENCFF778OYJ; ENCFF790ETX; ENCFF816NKN; ENCFF852HEY; ENCFF857MEZ; ENCFF886XES; ENCFF894JDZ; ENCFF894RIX; ENCFF904OAW; ENCFF932QXK; ENCFF976VQH; ENCFF979OOW; ENCFF990HAQ; ENCFF994TVF"
"STAT6","MICA",11,36,"HepG2; K562","ENCFF009YMJ; ENCFF129ITL; ENCFF187PVW; ENCFF247GAV; ENCFF251LXH; ENCFF332UTL; ENCFF436DSV; ENCFF507BNV; ENCFF655MFA; ENCFF793HHE; ENCFF861MUF"
"STAT6","MICB",6,20,"HepG2; K562","ENCFF129ITL; ENCFF187PVW; ENCFF247GAV; ENCFF251LXH; ENCFF436DSV; ENCFF507BNV"
"STAT6","RAET1E",2,3,"HepG2; K562","ENCFF187PVW; ENCFF436DSV"
"STAT6","RAET1G",8,12,"HepG2; K562","ENCFF129ITL; ENCFF187PVW; ENCFF247GAV; ENCFF251LXH; ENCFF332UTL; ENCFF436DSV; ENCFF507BNV; ENCFF793HHE"
"STAT6","ULBP1",7,17,"K562","ENCFF187PVW; ENCFF332UTL; ENCFF507BNV; ENCFF598VGY; ENCFF793HHE; ENCFF863LIH; ENCFF924PUV"
"STAT6","ULBP2",4,7,"K562","ENCFF187PVW; ENCFF332UTL; ENCFF507BNV; ENCFF793HHE"
"STAT6","ULBP3",2,2,"K562","ENCFF187PVW; ENCFF332UTL"
"TBP","MICA",33,74,"HeLa-S3; HepG2; K562","ENCFF020TWU; ENCFF068UNL; ENCFF183XEO; ENCFF196KRF; ENCFF198GZQ; ENCFF223MDO; ENCFF224URS; ENCFF234DFK; ENCFF237THN; ENCFF274GUO; ENCFF294GKW; ENCFF302RQH; ENCFF307DMW; ENCFF363NQY; ENCFF370YGS; ENCFF404PXW; ENCFF423PGJ; ENCFF443VKQ; ENCFF500OTO; ENCFF550JMT; ENCFF550WHD; ENCFF609UTS; ENCFF627MGO; ENCFF673CEF; ENCFF877AND; ENCFF891AHH; ENCFF897VKU; ENCFF913WCC; ENCFF915SFW; ENCFF934OXN; ENCFF935CJP; ENCFF944ZYO; ENCFF961AVK"
"TBP","MICB",33,68,"HeLa-S3; HepG2; K562","ENCFF020TWU; ENCFF068UNL; ENCFF146NGT; ENCFF183XEO; ENCFF198GZQ; ENCFF223MDO; ENCFF224URS; ENCFF234DFK; ENCFF274GUO; ENCFF302RQH; ENCFF307DMW; ENCFF363NQY; ENCFF370YGS; ENCFF404PXW; ENCFF423PGJ; ENCFF443VKQ; ENCFF469IRK; ENCFF534GKQ; ENCFF550JMT; ENCFF550WHD; ENCFF565SBG; ENCFF609UTS; ENCFF627MGO; ENCFF673CEF; ENCFF791JVM; ENCFF877AND; ENCFF897VKU; ENCFF913WCC; ENCFF915SFW; ENCFF934OXN; ENCFF944ZYO; ENCFF961AVK; ENCFF967KDT"
"TBP","RAET1E",22,36,"HeLa-S3; HepG2; K562","ENCFF183XEO; ENCFF223MDO; ENCFF224URS; ENCFF237THN; ENCFF274GUO; ENCFF302RQH; ENCFF307DMW; ENCFF363NQY; ENCFF404PXW; ENCFF443VKQ; ENCFF469IRK; ENCFF523ODF; ENCFF545FAT; ENCFF550JMT; ENCFF550WHD; ENCFF627MGO; ENCFF673CEF; ENCFF891AHH; ENCFF897VKU; ENCFF915SFW; ENCFF944ZYO; ENCFF967KDT"
"TBP","RAET1G",22,27,"HeLa-S3; HepG2; K562","ENCFF068UNL; ENCFF223MDO; ENCFF224URS; ENCFF234DFK; ENCFF237THN; ENCFF274GUO; ENCFF302RQH; ENCFF307DMW; ENCFF363NQY; ENCFF443VKQ; ENCFF550JMT; ENCFF550WHD; ENCFF627MGO; ENCFF673CEF; ENCFF877AND; ENCFF891AHH; ENCFF897VKU; ENCFF915SFW; ENCFF934OXN; ENCFF944ZYO; ENCFF961AVK; ENCFF967KDT"
"TBP","RAET1L",15,15,"HeLa-S3; HepG2","ENCFF183XEO; ENCFF206LVL; ENCFF224URS; ENCFF237THN; ENCFF274GUO; ENCFF294GKW; ENCFF302RQH; ENCFF363NQY; ENCFF443VKQ; ENCFF469IRK; ENCFF550JMT; ENCFF673CEF; ENCFF791JVM; ENCFF915SFW; ENCFF944ZYO"
"TBP","ULBP1",18,26,"HeLa-S3; HepG2; K562","ENCFF183XEO; ENCFF224URS; ENCFF234DFK; ENCFF274GUO; ENCFF302RQH; ENCFF307DMW; ENCFF370YGS; ENCFF443VKQ; ENCFF469IRK; ENCFF523ODF; ENCFF545FAT; ENCFF609UTS; ENCFF673CEF; ENCFF877AND; ENCFF891AHH; ENCFF915SFW; ENCFF944ZYO; ENCFF967KDT"
"TBP","ULBP2",6,7,"K562","ENCFF234DFK; ENCFF307DMW; ENCFF545FAT; ENCFF609UTS; ENCFF877AND; ENCFF891AHH"
"TBP","ULBP3",33,64,"HeLa-S3; HepG2; K562","ENCFF001VJK; ENCFF001VLC; ENCFF001VPC; ENCFF002CTI; ENCFF002CUW; ENCFF002CYK; ENCFF068UNL; ENCFF159SBO; ENCFF183XEO; ENCFF223MDO; ENCFF224URS; ENCFF234DFK; ENCFF237THN; ENCFF274GUO; ENCFF294GKW; ENCFF302RQH; ENCFF307DMW; ENCFF363NQY; ENCFF380FJL; ENCFF425TFY; ENCFF443VKQ; ENCFF469IRK; ENCFF523ODF; ENCFF545FAT; ENCFF550JMT; ENCFF584CNF; ENCFF673CEF; ENCFF791JVM; ENCFF877AND; ENCFF891AHH; ENCFF915SFW; ENCFF944ZYO; ENCFF967KDT"
