"Experiment","Assay","BigWig file 1","BigWig file 2","BigWig file 3","BigWig file 4","BigWig file 5","BigWig file 6","BigWig file 7","BigWig file 8","Bed file 1","Bed file 2","Bed file 3","Bed file 4","Bed file 5","Bed file 6","Bed file 7","Bed file 8","Bed file 9","Bed file 10","Bed file 11","Bed file 12","Bed file 13","Bed file 14","Bed file 15","Bed file 16","Bed file 17","Bed file 18","Bed file 19","Bed file 20","Bed file 21","Bed file 22","Bed file 23","Bed file 24","Bed file 25","Bed file 26","Bed file 27","Bed file 28","Bed file 29","Bed file 30","Bed file 31","Bed file 32","Bed file 33","Bed file 34","Bed file 35","BAM file 1","BAM file 2","BAM file 3","BAM file 4","BAM file 5","BAM file 6","Target","Tissue / cell line","Biosample type","Organism","Production laboratory","BigWig output type","Bed output type","BAM output type"
"ENCSR032RGS","ATAC-seq","ENCFF022BCI","ENCFF059JAV","ENCFF399KCR","ENCFF536RWL","ENCFF550BVZ","ENCFF561BCI","ENCFF872SDF","ENCFF950CJJ","ENCFF083PYW","ENCFF112MGJ","ENCFF125KBV","ENCFF147PDF","ENCFF149QZK","ENCFF186UJF","ENCFF237URW","ENCFF281LHR","ENCFF316ADH","ENCFF322NDK","ENCFF325MIK","ENCFF355GDU","ENCFF367DZO","ENCFF429FOV","ENCFF434KBP","ENCFF479CBZ","ENCFF491LEY","ENCFF508IHR","ENCFF545PZA","ENCFF546MNQ","ENCFF571WOQ","ENCFF633LUR","ENCFF648AEN","ENCFF674RFR","ENCFF681TUR","ENCFF682IMJ","ENCFF766FMA","ENCFF775LYB","ENCFF808YMI","ENCFF819ZZO","ENCFF876UEM","ENCFF899OMR","ENCFF948AQW","ENCFF964AUZ","ENCFF998PAN","ENCFF255FGC","ENCFF440SLA","ENCFF607DTB","ENCFF616DYV","ENCFF701BDT","ENCFF805NIW","Open chromatin","A549","cell line","Homo sapiens","ENCODE Processing Pipeline","fold change over control; signal p-value","conservative IDR thresholded peaks; IDR ranked peaks; IDR thresholded peaks; pseudoreplicated peaks; replicated peaks","alignments; unfiltered alignments"
"ENCSR074AHH","ATAC-seq","ENCFF089RJF","ENCFF146GJD","ENCFF174RMM","ENCFF272ATG","ENCFF305KWU","ENCFF443YXS","ENCFF587UBL","ENCFF648CHX","ENCFF007HBB","ENCFF009JLD","ENCFF020EUE","ENCFF063JPF","ENCFF095GGD","ENCFF114NUB","ENCFF129TJR","ENCFF198XJH","ENCFF281ONY","ENCFF324PYZ","ENCFF326MTY","ENCFF352JLU","ENCFF435WAN","ENCFF446CLJ","ENCFF446JPZ","ENCFF523SUX","ENCFF525WSI","ENCFF533FPU","ENCFF543NBU","ENCFF548DNV","ENCFF552QNB","ENCFF601CZY","ENCFF653ITG","ENCFF665IBA","ENCFF721NOR","ENCFF743AWX","ENCFF753XQZ","ENCFF796HNN","ENCFF797USO","ENCFF812CUZ","ENCFF834BIU","ENCFF894TJN","ENCFF957YHB","ENCFF993NEK","ENCFF997VUZ","ENCFF038OMO","ENCFF155AIU","ENCFF382ZEF","ENCFF515OFO","ENCFF533FDW","ENCFF814PZY","Open chromatin","A549","cell line","Homo sapiens","ENCODE Processing Pipeline","fold change over control; signal p-value","conservative IDR thresholded peaks; IDR ranked peaks; IDR thresholded peaks; pseudoreplicated peaks; replicated peaks","alignments; unfiltered alignments"
"ENCSR074AHH","ATAC-seq","ENCFF573YDE","ENCFF793QVM","ENCFF996YIQ","-","-","-","-","-","ENCFF153HNH","ENCFF198GUB","ENCFF516KEW","ENCFF552YTX","ENCFF784XTH","ENCFF846JAO","-","-","-","-","-","-","-","-","-","-","-","-","-","-","-","-","-","-","-","-","-","-","-","-","-","-","-","-","-","ENCFF350EWF","ENCFF426DGP","ENCFF766EGP","-","-","-","Open chromatin","A549","cell line","Homo sapiens","Tim Reddy, Duke","signal of unique reads","peaks","alignments"
"ENCSR139OYS","ATAC-seq","ENCFF016NIS","ENCFF072EKJ","ENCFF140JCT","ENCFF255ZEC","ENCFF277LKA","ENCFF589ORK","ENCFF684UYG","ENCFF772ACX","ENCFF022BIK","ENCFF025WHO","ENCFF031OEA","ENCFF036AMC","ENCFF072BOB","ENCFF138LFW","ENCFF143XED","ENCFF148IUD","ENCFF221ELP","ENCFF233IYA","ENCFF283PWB","ENCFF422RQI","ENCFF459ADJ","ENCFF544QPA","ENCFF572KMD","ENCFF587GRY","ENCFF648DVL","ENCFF653FJA","ENCFF663LWI","ENCFF687CVS","ENCFF713USA","ENCFF748OMJ","ENCFF797JAJ","ENCFF801AMP","ENCFF804MVZ","ENCFF805MCU","ENCFF830PAO","ENCFF843MSM","ENCFF854VQD","ENCFF877GOA","ENCFF911MJB","ENCFF937SSK","ENCFF943VVV","ENCFF977HZN","ENCFF983NIT","ENCFF213AFR","ENCFF300SDO","ENCFF337AUL","ENCFF609BVS","ENCFF719AAP","ENCFF964PWC","Open chromatin","A549","cell line","Homo sapiens","ENCODE Processing Pipeline","fold change over control; signal p-value","conservative IDR thresholded peaks; IDR ranked peaks; IDR thresholded peaks; pseudoreplicated peaks; replicated peaks","alignments; unfiltered alignments"
"ENCSR139OYS","ATAC-seq","ENCFF258LUB","ENCFF327HNA","ENCFF900GVO","-","-","-","-","-","ENCFF145LPD","ENCFF284EEQ","ENCFF411QDI","ENCFF548YMP","ENCFF700KSJ","ENCFF729UUS","-","-","-","-","-","-","-","-","-","-","-","-","-","-","-","-","-","-","-","-","-","-","-","-","-","-","-","-","-","ENCFF020COS","ENCFF758ORC","ENCFF809EKV","-","-","-","Open chromatin","A549","cell line","Homo sapiens","Tim Reddy, Duke","signal of unique reads","peaks","alignments"
"ENCSR220ASC","ATAC-seq","ENCFF103COS","ENCFF631HEX","ENCFF957GCK","-","-","-","-","-","ENCFF070PUA","ENCFF348ZZP","ENCFF550DRF","ENCFF615OFN","ENCFF801MPJ","ENCFF801YCD","-","-","-","-","-","-","-","-","-","-","-","-","-","-","-","-","-","-","-","-","-","-","-","-","-","-","-","-","-","ENCFF248HDS","ENCFF597SLV","ENCFF978DQZ","-","-","-","Open chromatin","A549","cell line","Homo sapiens","Tim Reddy, Duke","signal of unique reads","peaks","alignments"
"ENCSR220ASC","ATAC-seq","ENCFF128MWE","ENCFF214BCI","ENCFF219FEP","ENCFF287TGT","ENCFF382ARH","ENCFF384EPM","ENCFF622SLI","ENCFF740PEE","ENCFF008FUL","ENCFF017EMG","ENCFF020CZM","ENCFF066DTK","ENCFF090WIC","ENCFF110LOX","ENCFF128HEP","ENCFF170LQA","ENCFF172KKV","ENCFF172ZTK","ENCFF181FFW","ENCFF194UQW","ENCFF205CPH","ENCFF278VUU","ENCFF361DAG","ENCFF381DLX","ENCFF393MMR","ENCFF447OBV","ENCFF463DJH","ENCFF472KYS","ENCFF500PRH","ENCFF516KWQ","ENCFF565SUD","ENCFF576YTC","ENCFF659YUF","ENCFF707TOV","ENCFF729EHP","ENCFF735UWS","ENCFF765ZQJ","ENCFF795ASF","ENCFF817LSC","ENCFF870ESU","ENCFF874PSE","ENCFF925PCX","ENCFF962WXN","ENCFF177WAP","ENCFF669VTY","ENCFF675QXS","ENCFF899WFS","ENCFF964ZKK","ENCFF983SKH","Open chromatin","A549","cell line","Homo sapiens","ENCODE Processing Pipeline","fold change over control; signal p-value","conservative IDR thresholded peaks; IDR ranked peaks; IDR thresholded peaks; pseudoreplicated peaks; replicated peaks","alignments; unfiltered alignments"
"ENCSR265ZXX","ATAC-seq","ENCFF151XYQ","ENCFF187QBL","ENCFF346DWI","-","-","-","-","-","ENCFF013HFS","ENCFF031ULO","ENCFF316KZZ","ENCFF805SKX","ENCFF901ZXK","ENCFF959XUO","-","-","-","-","-","-","-","-","-","-","-","-","-","-","-","-","-","-","-","-","-","-","-","-","-","-","-","-","-","ENCFF349HIL","ENCFF714SLY","ENCFF739AIR","-","-","-","Open chromatin","A549","cell line","Homo sapiens","Tim Reddy, Duke","signal of unique reads","peaks","alignments"
"ENCSR265ZXX","ATAC-seq","ENCFF218IXD","ENCFF250JKS","ENCFF298DRI","ENCFF427RPP","ENCFF579JZL","ENCFF628BRW","ENCFF772DSI","ENCFF856XVM","ENCFF008GGX","ENCFF038RSV","ENCFF092IWQ","ENCFF097NAH","ENCFF117JPF","ENCFF139XJH","ENCFF166KGK","ENCFF187YVQ","ENCFF197CSK","ENCFF230AJN","ENCFF274FAH","ENCFF381UIP","ENCFF418FFS","ENCFF443QOP","ENCFF476BIV","ENCFF507TVT","ENCFF530DRW","ENCFF550SZX","ENCFF556RBV","ENCFF598KFV","ENCFF697PBL","ENCFF705YTQ","ENCFF747MMW","ENCFF771OGQ","ENCFF775GNK","ENCFF775WAB","ENCFF812FDR","ENCFF848NZM","ENCFF872VZW","ENCFF886VWX","ENCFF889LWS","ENCFF948RCD","ENCFF951IUF","ENCFF965ILK","ENCFF991ROR","ENCFF254AAH","ENCFF370YNA","ENCFF405HAW","ENCFF512CVK","ENCFF771KKF","ENCFF870OJR","Open chromatin","A549","cell line","Homo sapiens","ENCODE Processing Pipeline","fold change over control; signal p-value","conservative IDR thresholded peaks; IDR ranked peaks; IDR thresholded peaks; pseudoreplicated peaks; replicated peaks","alignments; unfiltered alignments"
"ENCSR288YMH","ATAC-seq","ENCFF144WKW","ENCFF441ACT","ENCFF708JWC","-","-","-","-","-","ENCFF301UHA","ENCFF307NLG","ENCFF517MNM","ENCFF723BGR","ENCFF935RQC","ENCFF995SZM","-","-","-","-","-","-","-","-","-","-","-","-","-","-","-","-","-","-","-","-","-","-","-","-","-","-","-","-","-","ENCFF210BHM","ENCFF214ASZ","ENCFF590QJA","-","-","-","Open chromatin","A549","cell line","Homo sapiens","Tim Reddy, Duke","signal of unique reads","peaks","alignments"
"ENCSR288YMH","ATAC-seq","ENCFF149RXN","ENCFF500HYR","ENCFF680YBV","ENCFF870AVV","ENCFF898DWC","ENCFF904WLR","ENCFF925TOM","ENCFF989FZP","ENCFF018OJP","ENCFF024HGY","ENCFF028DJO","ENCFF075EUS","ENCFF105RBQ","ENCFF128KYR","ENCFF178JHF","ENCFF232BHQ","ENCFF261RZS","ENCFF346GFB","ENCFF367JQX","ENCFF475VQY","ENCFF523DKK","ENCFF525YKE","ENCFF539UJR","ENCFF546GPL","ENCFF553VLG","ENCFF571YGK","ENCFF593GOA","ENCFF596EVZ","ENCFF602YCA","ENCFF619XXH","ENCFF627INP","ENCFF628LIB","ENCFF702DSY","ENCFF754DCB","ENCFF765WFJ","ENCFF766WYI","ENCFF813DSX","ENCFF849FMN","ENCFF857ZHU","ENCFF888RPM","ENCFF894PCQ","ENCFF936NSX","ENCFF997LTB","ENCFF071HVO","ENCFF148KMH","ENCFF305MMJ","ENCFF618RWY","ENCFF643GGP","ENCFF945IJC","Open chromatin","A549","cell line","Homo sapiens","ENCODE Processing Pipeline","fold change over control; signal p-value","conservative IDR thresholded peaks; IDR ranked peaks; IDR thresholded peaks; pseudoreplicated peaks; replicated peaks","alignments; unfiltered alignments"
"ENCSR302NVX","ATAC-seq","ENCFF100PDW","ENCFF373GYK","ENCFF432RYK","ENCFF482YUF","ENCFF654XVX","ENCFF747NXV","-","-","ENCFF123SYA","ENCFF126CCH","ENCFF273JGL","ENCFF304HBI","ENCFF379NOI","ENCFF388AIX","ENCFF403RVF","ENCFF452TIJ","ENCFF498AXW","ENCFF505PFO","ENCFF538FUF","ENCFF541LKF","ENCFF605MBQ","ENCFF634IDE","ENCFF645KPK","ENCFF649SLR","ENCFF720LMX","ENCFF726CBV","ENCFF847COV","ENCFF935QLI","-","-","-","-","-","-","-","-","-","-","-","-","-","-","-","ENCFF089PMM","ENCFF187NQV","ENCFF648SPE","ENCFF760RJI","-","-","Open chromatin","HCT116","cell line","Homo sapiens","ENCODE Processing Pipeline","fold change over control; signal p-value","conservative IDR thresholded peaks; IDR ranked peaks; IDR thresholded peaks; pseudoreplicated peaks; replicated peaks","alignments; unfiltered alignments"
"ENCSR328JGW","ATAC-seq","ENCFF116WXP","ENCFF129VSO","ENCFF390QUK","ENCFF442YXD","ENCFF833UVV","ENCFF834OOY","-","-","ENCFF092XGD","ENCFF219YIM","ENCFF263MNE","ENCFF297IZM","ENCFF321FBR","ENCFF357JYS","ENCFF451DSC","ENCFF533KDE","ENCFF537XID","ENCFF599LBU","ENCFF625ULX","ENCFF638GHI","ENCFF640GNQ","ENCFF713JIS","ENCFF778PYC","ENCFF800XED","ENCFF849MMH","ENCFF933TYP","ENCFF978XYZ","ENCFF979GBO","-","-","-","-","-","-","-","-","-","-","-","-","-","-","-","ENCFF077TQF","ENCFF534JUB","ENCFF784ATG","ENCFF794FUH","-","-","Open chromatin","HCT116","cell line","Homo sapiens","ENCODE Processing Pipeline","fold change over control; signal p-value","conservative IDR thresholded peaks; IDR ranked peaks; IDR thresholded peaks; pseudoreplicated peaks; replicated peaks","alignments; unfiltered alignments"
"ENCSR345XUN","ATAC-seq","ENCFF153PRF","ENCFF374SIU","ENCFF429TKR","ENCFF472DVQ","ENCFF558WTR","ENCFF872FHN","-","-","ENCFF035BSF","ENCFF043EZQ","ENCFF097JYQ","ENCFF130GKH","ENCFF138DZL","ENCFF155NTI","ENCFF174GFM","ENCFF241CKK","ENCFF243YCP","ENCFF247FWW","ENCFF325EGX","ENCFF349UOY","ENCFF362EAG","ENCFF375RKN","ENCFF425YUO","ENCFF628WZB","ENCFF705JYO","ENCFF786URE","ENCFF793HTQ","ENCFF978TKC","-","-","-","-","-","-","-","-","-","-","-","-","-","-","-","ENCFF370ADM","ENCFF530GWW","ENCFF894XQP","ENCFF967ILH","-","-","Open chromatin","HCT116","cell line","Homo sapiens","ENCODE Processing Pipeline","fold change over control; signal p-value","conservative IDR thresholded peaks; IDR ranked peaks; IDR thresholded peaks; pseudoreplicated peaks; replicated peaks","alignments; unfiltered alignments"
"ENCSR389WJO","ATAC-seq","ENCFF196OCX","ENCFF322YJM","ENCFF732GJO","ENCFF853UAQ","ENCFF941UHL","ENCFF951UBN","-","-","ENCFF037GXC","ENCFF092BPH","ENCFF107INQ","ENCFF220AHX","ENCFF224QDJ","ENCFF321OPK","ENCFF336KSB","ENCFF338EFN","ENCFF500OLT","ENCFF512OJM","ENCFF628DWR","ENCFF633CHN","ENCFF758NZE","ENCFF804NZM","ENCFF830TZX","ENCFF907FXZ","ENCFF923JFP","ENCFF927OWI","ENCFF978HDZ","ENCFF983RWP","-","-","-","-","-","-","-","-","-","-","-","-","-","-","-","ENCFF041WEZ","ENCFF098DPZ","ENCFF322MXA","ENCFF978EZC","-","-","Open chromatin","HCT116","cell line","Homo sapiens","ENCODE Processing Pipeline","fold change over control; signal p-value","conservative IDR thresholded peaks; IDR ranked peaks; IDR thresholded peaks; pseudoreplicated peaks; replicated peaks","alignments; unfiltered alignments"
"ENCSR441BDP","ATAC-seq","ENCFF577ASF","ENCFF653UAT","ENCFF716YWH","ENCFF778THH","ENCFF830CRR","ENCFF968VUJ","-","-","ENCFF018WDX","ENCFF104LTA","ENCFF105LLI","ENCFF124WTX","ENCFF147APR","ENCFF223NDZ","ENCFF334CUQ","ENCFF409NYB","ENCFF514ZFP","ENCFF622VZY","ENCFF660PIO","ENCFF731GSD","ENCFF799GTQ","ENCFF858HYF","ENCFF959FQW","ENCFF970VHC","ENCFF984WAX","ENCFF991IXP","ENCFF992IRP","ENCFF999VQB","-","-","-","-","-","-","-","-","-","-","-","-","-","-","-","ENCFF191SZI","ENCFF548ZVI","ENCFF559TWL","ENCFF834CRJ","-","-","Open chromatin","HCT116","cell line","Homo sapiens","ENCODE Processing Pipeline","fold change over control; signal p-value","conservative IDR thresholded peaks; IDR ranked peaks; IDR thresholded peaks; pseudoreplicated peaks; replicated peaks","alignments; unfiltered alignments"
"ENCSR445VYQ","ATAC-seq","ENCFF120LEE","ENCFF259VVM","ENCFF758EEF","ENCFF767JKX","ENCFF777DUU","ENCFF912JWI","-","-","ENCFF108UZS","ENCFF146VWE","ENCFF188CUU","ENCFF195DSR","ENCFF215BGD","ENCFF247NIO","ENCFF408VJA","ENCFF692CRN","ENCFF704BDG","ENCFF716GDC","ENCFF823AEB","ENCFF824CPQ","ENCFF857OJB","ENCFF886BOW","ENCFF902OZN","ENCFF903LAU","ENCFF920DHC","ENCFF961ZYC","ENCFF971GTN","ENCFF978EMM","-","-","-","-","-","-","-","-","-","-","-","-","-","-","-","ENCFF312BIT","ENCFF393VOJ","ENCFF522UZR","ENCFF925INX","-","-","Open chromatin","HCT116","cell line","Homo sapiens","ENCODE Processing Pipeline","fold change over control; signal p-value","conservative IDR thresholded peaks; IDR ranked peaks; IDR thresholded peaks; pseudoreplicated peaks; replicated peaks","alignments; unfiltered alignments"
"ENCSR477YZA","ATAC-seq","ENCFF106XHY","ENCFF187BIH","ENCFF612KIL","ENCFF619NNZ","ENCFF632IEC","ENCFF926KJA","-","-","ENCFF004YEV","ENCFF009DEU","ENCFF023NYD","ENCFF128WDG","ENCFF129RPP","ENCFF148BAB","ENCFF188ETF","ENCFF209UDP","ENCFF257DMN","ENCFF285GBT","ENCFF288KKZ","ENCFF418ZSU","ENCFF499ENG","ENCFF518ATJ","ENCFF654KLN","ENCFF679NSE","ENCFF682TPU","ENCFF683MNR","ENCFF823XZF","ENCFF843KHC","-","-","-","-","-","-","-","-","-","-","-","-","-","-","-","ENCFF207UGH","ENCFF211GHX","ENCFF555GFC","ENCFF878LRW","-","-","Open chromatin","HCT116","cell line","Homo sapiens","ENCODE Processing Pipeline","fold change over control; signal p-value","conservative IDR thresholded peaks; IDR ranked peaks; IDR thresholded peaks; pseudoreplicated peaks; replicated peaks","alignments; unfiltered alignments"
"ENCSR780PLN","ATAC-seq","ENCFF008XZB","ENCFF017WYO","ENCFF239QWN","ENCFF353CPR","ENCFF441ITL","ENCFF630LMR","-","-","ENCFF109BIY","ENCFF116GJI","ENCFF131UEL","ENCFF159JFM","ENCFF200BJK","ENCFF218KBB","ENCFF225YLR","ENCFF362VAG","ENCFF370EDY","ENCFF389NUT","ENCFF392USV","ENCFF582KDE","ENCFF716YDW","ENCFF785CNN","ENCFF902HEU","ENCFF909QPK","ENCFF924JDH","ENCFF928HXL","ENCFF950OQW","ENCFF958VRD","-","-","-","-","-","-","-","-","-","-","-","-","-","-","-","ENCFF233EKW","ENCFF703KSZ","ENCFF733DYI","ENCFF769NTJ","-","-","Open chromatin","HCT116","cell line","Homo sapiens","ENCODE Processing Pipeline","fold change over control; signal p-value","conservative IDR thresholded peaks; IDR ranked peaks; IDR thresholded peaks; pseudoreplicated peaks; replicated peaks","alignments; unfiltered alignments"
"ENCSR872WGW","ATAC-seq","ENCFF259PSA","ENCFF480SPP","ENCFF624HRW","ENCFF725NBM","ENCFF807VJD","ENCFF962GFP","-","-","ENCFF048BGW","ENCFF054UBO","ENCFF064VMK","ENCFF068PVP","ENCFF070LSQ","ENCFF107FCE","ENCFF158YYR","ENCFF296ZZB","ENCFF429LWF","ENCFF442VYJ","ENCFF470XFE","ENCFF515RJQ","ENCFF647AGG","ENCFF656EDL","ENCFF657SQV","ENCFF662SAQ","ENCFF701UYU","ENCFF720YMR","ENCFF843ZHQ","ENCFF950MFR","-","-","-","-","-","-","-","-","-","-","-","-","-","-","-","ENCFF532GVN","ENCFF679UWF","ENCFF724QHH","ENCFF927YUB","-","-","Open chromatin","HCT116","cell line","Homo sapiens","ENCODE Processing Pipeline","fold change over control; signal p-value","conservative IDR thresholded peaks; IDR ranked peaks; IDR thresholded peaks; pseudoreplicated peaks; replicated peaks","alignments; unfiltered alignments"
"ENCSR042AWH","ATAC-seq","ENCFF029XKY","ENCFF167CGQ","ENCFF285FQS","ENCFF664EJT","ENCFF699PHI","ENCFF782GKX","-","-","ENCFF010DKQ","ENCFF015YSO","ENCFF204FWC","ENCFF229ZDO","ENCFF263JJA","ENCFF291YJP","ENCFF304MEG","ENCFF314RIW","ENCFF438JMM","ENCFF494LAR","ENCFF598OUK","ENCFF625XGR","ENCFF759HTS","ENCFF776IST","ENCFF791RKW","ENCFF851SSE","ENCFF906NBO","ENCFF913MQB","ENCFF917ZKL","ENCFF929FJZ","-","-","-","-","-","-","-","-","-","-","-","-","-","-","-","ENCFF239RGZ","ENCFF340WXC","ENCFF394BBD","ENCFF845EXZ","-","-","Open chromatin","HepG2","cell line","Homo sapiens","ENCODE Processing Pipeline","fold change over control; signal p-value","conservative IDR thresholded peaks; IDR ranked peaks; IDR thresholded peaks; pseudoreplicated peaks; replicated peaks","alignments; unfiltered alignments"
"ENCSR291GJU","ATAC-seq","ENCFF024GLW","ENCFF240VVR","ENCFF254ZJG","ENCFF262URW","ENCFF380DRH","ENCFF622FRD","ENCFF645OHB","ENCFF692UVH","ENCFF016HSG","ENCFF046XTK","ENCFF055WCH","ENCFF064ZBV","ENCFF069GAC","ENCFF125LPD","ENCFF161ZZX","ENCFF186ECK","ENCFF206JFY","ENCFF258UBH","ENCFF270QVG","ENCFF398WOO","ENCFF433ACW","ENCFF439EIO","ENCFF460NHY","ENCFF471EFV","ENCFF474POM","ENCFF531HLE","ENCFF536RJV","ENCFF576UEM","ENCFF580SXF","ENCFF609BSU","ENCFF669IHR","ENCFF749AKR","ENCFF812TDB","ENCFF850SYE","ENCFF855XUC","ENCFF875NWY","ENCFF891WYB","ENCFF915FZC","ENCFF919RKQ","ENCFF935GLR","ENCFF936FRV","ENCFF963FUC","ENCFF991EDE","ENCFF095VYO","ENCFF290SKT","ENCFF624SON","ENCFF926KFU","ENCFF939JOT","ENCFF990VCP","Open chromatin","HepG2","cell line","Homo sapiens","ENCODE Processing Pipeline","fold change over control; signal p-value","conservative IDR thresholded peaks; IDR ranked peaks; IDR thresholded peaks; pseudoreplicated peaks; replicated peaks","alignments; unfiltered alignments"
"ENCSR483RKN","ATAC-seq","ENCFF451IKJ","ENCFF459KUR","ENCFF496GRF","ENCFF600FDO","ENCFF754EAC","ENCFF867QEW","-","-","ENCFF006OFA","ENCFF091NSB","ENCFF117MSK","ENCFF134BHI","ENCFF155UDS","ENCFF293GOJ","ENCFF306VNC","ENCFF317TUU","ENCFF491WXS","ENCFF509MPS","ENCFF558BLC","ENCFF656YON","ENCFF687BWQ","ENCFF695IGF","ENCFF769CHO","ENCFF803NXN","ENCFF858JFG","ENCFF925CYR","ENCFF925NCP","ENCFF976CEI","-","-","-","-","-","-","-","-","-","-","-","-","-","-","-","ENCFF202LIO","ENCFF512VEZ","ENCFF562LFB","ENCFF987XOV","-","-","Open chromatin","K562","cell line","Homo sapiens","ENCODE Processing Pipeline","fold change over control; signal p-value","conservative IDR thresholded peaks; IDR ranked peaks; IDR thresholded peaks; pseudoreplicated peaks; replicated peaks","alignments; unfiltered alignments"
"ENCSR859USB","ATAC-seq","ENCFF092ESJ","ENCFF137KFY","ENCFF380OSV","ENCFF667LWU","ENCFF768TUI","ENCFF920FUW","-","-","ENCFF042NBJ","ENCFF046GBZ","ENCFF055NNT","ENCFF076THQ","ENCFF177ONM","ENCFF202HWV","ENCFF213NSF","ENCFF356GAB","ENCFF373BIF","ENCFF392TMS","ENCFF444DLQ","ENCFF509QSL","ENCFF645TYU","ENCFF680ANU","ENCFF681GZS","ENCFF706XUV","ENCFF846HBP","ENCFF926KTI","ENCFF974UDE","ENCFF985XEY","-","-","-","-","-","-","-","-","-","-","-","-","-","-","-","ENCFF441TRR","ENCFF517XNU","ENCFF557RSA","ENCFF852RRY","-","-","Open chromatin","K562","cell line","Homo sapiens","ENCODE Processing Pipeline","fold change over control; signal p-value","conservative IDR thresholded peaks; IDR ranked peaks; IDR thresholded peaks; pseudoreplicated peaks; replicated peaks","alignments; unfiltered alignments"
"ENCSR868FGK","ATAC-seq","ENCFF019IPA","ENCFF043TYW","ENCFF093IIW","ENCFF102ARJ","ENCFF357GNC","ENCFF656ZKM","ENCFF670QXU","ENCFF905MUY","ENCFF057UYP","ENCFF060CLA","ENCFF086JCJ","ENCFF104MCP","ENCFF124CDP","ENCFF135AEX","ENCFF144MBA","ENCFF150GLQ","ENCFF217HXL","ENCFF223QDM","ENCFF318AIW","ENCFF333TAT","ENCFF349AKO","ENCFF433EPT","ENCFF501WRL","ENCFF516AAK","ENCFF518LST","ENCFF563WKF","ENCFF581TPM","ENCFF590CPE","ENCFF601OSW","ENCFF678GBM","ENCFF691QRB","ENCFF694QAE","ENCFF697MBK","ENCFF706RJP","ENCFF771HDN","ENCFF816ZOO","ENCFF838DKW","ENCFF855PCP","ENCFF948AFM","ENCFF954YJS","ENCFF973QQZ","ENCFF982EXK","ENCFF993BAP","ENCFF077FBI","ENCFF128WZG","ENCFF237LMR","ENCFF534DCE","ENCFF804MXV","ENCFF834HWH","Open chromatin","K562","cell line","Homo sapiens","ENCODE Processing Pipeline","fold change over control; signal p-value","conservative IDR thresholded peaks; IDR ranked peaks; IDR thresholded peaks; pseudoreplicated peaks; replicated peaks","alignments; unfiltered alignments"
"ENCSR956DNB","ATAC-seq","ENCFF252EZV","ENCFF252GZO","ENCFF555ITG","ENCFF674WKB","ENCFF798GCW","ENCFF892FEF","-","-","ENCFF029TCM","ENCFF047VIB","ENCFF281XNI","ENCFF401DLG","ENCFF449MCG","ENCFF489GQF","ENCFF502DIO","ENCFF540FNK","ENCFF546GLJ","ENCFF575XSZ","ENCFF737WWB","ENCFF738NOA","ENCFF752HCA","ENCFF757XHF","ENCFF773MAV","ENCFF842UZU","ENCFF850DLB","ENCFF888STP","ENCFF930WPW","ENCFF950BQS","-","-","-","-","-","-","-","-","-","-","-","-","-","-","-","ENCFF203LSX","ENCFF445RUW","ENCFF778GYX","ENCFF879XNY","-","-","Open chromatin","K562","cell line","Homo sapiens","ENCODE Processing Pipeline","fold change over control; signal p-value","conservative IDR thresholded peaks; IDR ranked peaks; IDR thresholded peaks; pseudoreplicated peaks; replicated peaks","alignments; unfiltered alignments"
"ENCSR422SUG","ATAC-seq","ENCFF194DID","ENCFF463PDI","ENCFF782BVX","ENCFF854ZKH","ENCFF864CTV","ENCFF976UNK","-","-","ENCFF108MIX","ENCFF202CJZ","ENCFF204NII","ENCFF281PFZ","ENCFF291WTA","ENCFF307ODI","ENCFF321OTW","ENCFF407BEW","ENCFF428ROW","ENCFF502RTI","ENCFF536UWD","ENCFF649LUI","ENCFF679PKT","ENCFF685QLJ","ENCFF724TDB","ENCFF817LPT","ENCFF821OEF","ENCFF882FLC","ENCFF882OVP","ENCFF905GGG","-","-","-","-","-","-","-","-","-","-","-","-","-","-","-","ENCFF426VIR","ENCFF607OSL","ENCFF770ULT","ENCFF772EFK","-","-","Open chromatin","MCF-7","cell line","Homo sapiens","ENCODE Processing Pipeline","fold change over control; signal p-value","conservative IDR thresholded peaks; IDR ranked peaks; IDR thresholded peaks; pseudoreplicated peaks; replicated peaks","alignments; unfiltered alignments"
"ENCSR382LBS","ATAC-seq","ENCFF031ABQ","ENCFF195QTQ","ENCFF276XUH","ENCFF571JLT","ENCFF573SLV","ENCFF691YCM","ENCFF739NUO","ENCFF905FFW","ENCFF003WLZ","ENCFF012NEH","ENCFF034HDS","ENCFF045KOG","ENCFF058YVF","ENCFF060HHC","ENCFF089MWN","ENCFF113TWQ","ENCFF173WJJ","ENCFF206NEG","ENCFF273DIB","ENCFF300BFN","ENCFF336XDC","ENCFF365FVG","ENCFF367CZS","ENCFF369SMB","ENCFF386YHU","ENCFF418XBY","ENCFF435DNF","ENCFF457XGA","ENCFF503NFS","ENCFF511USZ","ENCFF533XXP","ENCFF597XMX","ENCFF667MWP","ENCFF680EJZ","ENCFF700ZCB","ENCFF746BDQ","ENCFF765KZJ","ENCFF785EFE","ENCFF786KPZ","ENCFF824LCL","ENCFF824YZQ","ENCFF881QMT","ENCFF932EYI","ENCFF260MAO","ENCFF531SQN","ENCFF657PLO","ENCFF818BRH","ENCFF830HOU","ENCFF974GZO","Open chromatin","NCI-H929","cell line","Homo sapiens","ENCODE Processing Pipeline","fold change over control; signal p-value","conservative IDR thresholded peaks; IDR ranked peaks; IDR thresholded peaks; pseudoreplicated peaks; replicated peaks","alignments; unfiltered alignments"
"ENCSR499ASS","ATAC-seq","ENCFF064FOF","ENCFF124ZQJ","ENCFF145UAD","ENCFF285RAK","ENCFF746GZT","ENCFF895PMJ","-","-","ENCFF009DVW","ENCFF051RXB","ENCFF054JXF","ENCFF059THR","ENCFF061YKV","ENCFF311WVO","ENCFF358CGT","ENCFF369VMF","ENCFF394VHU","ENCFF437PNN","ENCFF464JUR","ENCFF466CVI","ENCFF493JYF","ENCFF573INZ","ENCFF617NKJ","ENCFF742PNL","ENCFF811MOZ","ENCFF906HPY","ENCFF983PKG","ENCFF984BYE","-","-","-","-","-","-","-","-","-","-","-","-","-","-","-","ENCFF024FNF","ENCFF303FIS","ENCFF516GDK","ENCFF879AMT","-","-","Open chromatin","PC-3","cell line","Homo sapiens","ENCODE Processing Pipeline","fold change over control; signal p-value","conservative IDR thresholded peaks; IDR ranked peaks; IDR thresholded peaks; pseudoreplicated peaks; replicated peaks","alignments; unfiltered alignments"
"ENCSR591PIX","ATAC-seq","ENCFF055ZEE","ENCFF174PXJ","ENCFF185TQC","ENCFF346FZQ","ENCFF757YRZ","ENCFF794CNJ","-","-","ENCFF060TIE","ENCFF066VBF","ENCFF112PVK","ENCFF121ANV","ENCFF172IKI","ENCFF182SSP","ENCFF255BWR","ENCFF294DRD","ENCFF481ELM","ENCFF488NXL","ENCFF498VVK","ENCFF505ZND","ENCFF510OSH","ENCFF544MQW","ENCFF565QFL","ENCFF835BPL","ENCFF844EVD","ENCFF860TRV","ENCFF882XTL","ENCFF953NZY","-","-","-","-","-","-","-","-","-","-","-","-","-","-","-","ENCFF423SQN","ENCFF728MYS","ENCFF822BKT","ENCFF836WDC","-","-","Open chromatin","Panc1","cell line","Homo sapiens","ENCODE Processing Pipeline","fold change over control; signal p-value","conservative IDR thresholded peaks; IDR ranked peaks; IDR thresholded peaks; pseudoreplicated peaks; replicated peaks","alignments; unfiltered alignments"
