#clustering method	cluster number	cluster color	hex color	gene count	protein name	protein identifier	protein description
MCL	1	Red	#ff0000	22	ATF1	9606.ENSP00000262053	Cyclic AMP-dependent transcription factor ATF-1; This protein binds the cAMP response element (CRE) (consensus: 5'-GTGACGT[AC][AG]-3'), a sequence present in many viral and cellular promoters. Binds to the Tax-responsive element (TRE) of HTLV-I. Mediates PKA-induced stimulation of CRE-reporter genes. Represses the expression of FTH1 and other antioxidant detoxification genes. Triggers cell proliferation and transformation.
MCL	1	Red	#ff0000	22	ATF2	9606.ENSP00000264110	Cyclic AMP-dependent transcription factor ATF-2; Transcriptional activator which regulates the transcription of various genes, including those involved in anti-apoptosis, cell growth, and DNA damage response. Dependent on its binding partner, binds to CRE (cAMP response element) consensus sequences (5'-TGACGTCA- 3') or to AP-1 (activator protein 1) consensus sequences (5'-TGACTCA- 3'). In the nucleus, contributes to global transcription and the DNA damage response, in addition to specific transcriptional activities that are related to cell development, proliferation and death. In the c [...] 
MCL	1	Red	#ff0000	22	ATF4	9606.ENSP00000336790	Cyclic AMP-dependent transcription factor ATF-4; Transcriptional activator. Binds the cAMP response element (CRE) (consensus: 5'-GTGACGT[AC][AG]-3'), a sequence present in many viral and cellular promoters. Cooperates with FOXO1 in osteoblasts to regulate glucose homeostasis through suppression of beta-cell production and decrease in insulin production (By similarity). It binds to a Tax-responsive enhancer element in the long terminal repeat of HTLV-I. Regulates the induction of DDIT3/CHOP and asparagine synthetase (ASNS) in response to endoplasmic reticulum (ER) stress. In concert wit [...] 
MCL	1	Red	#ff0000	22	ATF6	9606.ENSP00000356919	Processed cyclic AMP-dependent transcription factor ATF-6 alpha; Transmembrane glycoprotein of the endoplasmic reticulum that functions as a transcription activator and initiates the unfolded protein response (UPR) during endoplasmic reticulum stress. Cleaved upon ER stress, the N-terminal processed cyclic AMP-dependent transcription factor ATF-6 alpha translocates to the nucleus where it activates transcription of genes involved in the UPR. Binds DNA on the 5'-CCAC[GA]-3'half of the ER stress response element (ERSE) (5'-CCAAT- N(9)-CCAC[GA]-3') and of ERSE II (5'-ATTGG-N-CCACG-3'). Bi [...] 
MCL	1	Red	#ff0000	22	ATF6B	9606.ENSP00000364349	Processed cyclic AMP-dependent transcription factor ATF-6 beta; Transcriptional factor that acts in the unfolded protein response (UPR) pathway by activating UPR target genes induced during ER stress. Binds DNA on the 5'-CCAC[GA]-3' half of the ER stress response element (ERSE) (5'-CCAATN(9)CCAC[GA]-3') when NF-Y is bound to ERSE.
MCL	1	Red	#ff0000	22	ATF7	9606.ENSP00000399465	Cyclic AMP-dependent transcription factor ATF-7; Plays important functions in early cell signaling. Binds the cAMP response element (CRE) (consensus: 5'-GTGACGT[AG][AG]-3'), a sequence present in many viral and cellular promoters. Activator of the NF-ELAM1/delta-A site of the E-selectin promoter. Has no intrinsic transcriptional activity, but activates transcription on formation of JUN or FOS heterodimers. Also can bind TRE promoter sequences when heterodimerized with members of the JUN family. Isoform 5 acts as a negative regulator, inhibiting both ATF2 and ATF7 transcriptional activi [...] 
MCL	1	Red	#ff0000	22	BATF3	9606.ENSP00000243440	Basic leucine zipper transcriptional factor ATF-like 3; AP-1 family transcription factor that controls the differentiation of CD8(+) thymic conventional dendritic cells in the immune system. Required for development of CD8-alpha(+) classical dendritic cells (cDCs) and related CD103(+) dendritic cells that cross- present antigens to CD8 T-cells and produce interleukin-12 (IL12) in response to pathogens (By similarity). Acts via the formation of a heterodimer with JUN family proteins that recognizes and binds DNA sequence 5'-TGA[CG]TCA-3' and regulates expression of target genes. Belongs [...] 
MCL	1	Red	#ff0000	22	CREB1	9606.ENSP00000387699	Cyclic AMP-responsive element-binding protein 1; Phosphorylation-dependent transcription factor that stimulates transcription upon binding to the DNA cAMP response element (CRE), a sequence present in many viral and cellular promoters. Transcription activation is enhanced by the TORC coactivators which act independently of Ser-133 phosphorylation. Involved in different cellular processes including the synchronization of circadian rhythmicity and the differentiation of adipose cells; Belongs to the bZIP family.
MCL	1	Red	#ff0000	22	CREB3	9606.ENSP00000342136	Processed cyclic AMP-responsive element-binding protein 3; Endoplasmic reticulum (ER)-bound sequence-specific transcription factor that directly binds DNA and activates transcription. Plays a role in the unfolded protein response (UPR), promoting cell survival versus ER stress-induced apoptotic cell death. Also involved in cell proliferation, migration and differentiation, tumor suppression and inflammatory gene expression. Acts as a positive regulator of LKN- 1/CCL15-induced chemotaxis signaling of leukocyte cell migration. Associates with chromatin to the HERPUD1 promoter. Also induc [...] 
MCL	1	Red	#ff0000	22	CREB3L1	9606.ENSP00000481956	Processed cyclic AMP-responsive element-binding protein 3-like protein 1; Transcription factor involved in unfolded protein response (UPR). Binds the DNA consensus sequence 5'-GTGXGCXGC-3'. In the absence of endoplasmic reticulum (ER) stress, inserted into ER membranes, with N-terminal DNA-binding and transcription activation domains oriented toward the cytosolic face of the membrane. In response to ER stress, transported to the Golgi, where it is cleaved in a site-specific manner by resident proteases S1P/MBTPS1 and S2P/MBTPS2. The released N-terminal cytosolic domain is translocated  [...] 
MCL	1	Red	#ff0000	22	CREB3L4	9606.ENSP00000271889	Processed cyclic AMP-responsive element-binding protein 3-like protein 4; Transcriptional activator that may play a role in the unfolded protein response. Binds to the UPR element (UPRE) but not to CRE element. Preferentially binds DNA with to the consensus sequence 5'-T[GT]ACGT[GA][GT]-3' and has transcriptional activation activity from UPRE. Binds to NF-kappa-B site and has transcriptional activation activity from NF-kappa-B-containing regulatory elements (By similarity).
MCL	1	Red	#ff0000	22	CREM	9606.ENSP00000265372	cAMP-responsive element modulator; Transcriptional regulator that binds the cAMP response element (CRE), a sequence present in many viral and cellular promoters. Isoforms are either transcriptional activators or repressors. Plays a role in spermatogenesis and is involved in spermatid maturation.
MCL	1	Red	#ff0000	22	DDIT3	9606.ENSP00000448665	DNA damage-inducible transcript 3 protein; Multifunctional transcription factor in ER stress response. Plays an essential role in the response to a wide variety of cell stresses and induces cell cycle arrest and apoptosis in response to ER stress. Plays a dual role both as an inhibitor of CCAAT/enhancer- binding protein (C/EBP) function and as an activator of other genes. Acts as a dominant-negative regulator of C/EBP-induced transcription: dimerizes with members of the C/EBP family, impairs their association with C/EBP binding sites in the promoter regions, and inhibits the expression [...] 
MCL	1	Red	#ff0000	22	ELK1	9606.ENSP00000366182	ETS domain-containing protein Elk-1; Transcription factor that binds to purine-rich DNA sequences. Forms a ternary complex with SRF and the ETS and SRF motifs of the serum response element (SRE) on the promoter region of immediate early genes such as FOS and IER2. Induces target gene transcription upon JNK- signaling pathway stimulation (By similarity).
MCL	1	Red	#ff0000	22	FOS	9606.ENSP00000306245	Proto-oncogene c-Fos; Nuclear phosphoprotein which forms a tight but non-covalently linked complex with the JUN/AP-1 transcription factor. In the heterodimer, FOS and JUN/AP-1 basic regions each seems to interact with symmetrical DNA half sites. On TGF-beta activation, forms a multimeric SMAD3/SMAD4/JUN/FOS complex at the AP1/SMAD-binding site to regulate TGF-beta-mediated signaling. Has a critical function in regulating the development of cells destined to form and maintain the skeleton. It is thought to have an important role in signal transduction, cell proliferation and differentia [...] 
MCL	1	Red	#ff0000	22	FOSB	9606.ENSP00000245919	Protein fosB; FosB interacts with Jun proteins enhancing their DNA binding activity.
MCL	1	Red	#ff0000	22	FOSL1	9606.ENSP00000310170	Fos-related antigen 1; FOS like 1, AP-1 transcription factor subunit; Belongs to the bZIP family. Fos subfamily.
MCL	1	Red	#ff0000	22	FOSL2	9606.ENSP00000264716	Fos-related antigen 2; Controls osteoclast survival and size. As a dimer with JUN, activates LIF transcription. Activates CEBPB transcription in PGE2- activated osteoblasts.
MCL	1	Red	#ff0000	22	JDP2	9606.ENSP00000267569	Jun dimerization protein 2; Component of the AP-1 transcription factor that represses transactivation mediated by the Jun family of proteins. Involved in a variety of transcriptional responses associated with AP-1 such as UV- induced apoptosis, cell differentiation, tumorigenesis and antitumogeneris. Can also function as a repressor by recruiting histone deacetylase 3/HDAC3 to the promoter region of JUN. May control transcription via direct regulation of the modification of histones and the assembly of chromatin.
MCL	1	Red	#ff0000	22	JUN	9606.ENSP00000360266	Transcription factor AP-1; Transcription factor that recognizes and binds to the enhancer heptamer motif 5'-TGA[CG]TCA-3'. Promotes activity of NR5A1 when phosphorylated by HIPK3 leading to increased steroidogenic gene expression upon cAMP signaling pathway stimulation. Involved in activated KRAS-mediated transcriptional activation of USP28 in colorectal cancer (CRC) cells. Binds to the USP28 promoter in colorectal cancer (CRC) cells. Belongs to the bZIP family. Jun subfamily.
MCL	1	Red	#ff0000	22	JUNB	9606.ENSP00000303315	Transcription factor jun-B; Transcription factor involved in regulating gene activity following the primary growth factor response. Binds to the DNA sequence 5'-TGA[CG]TCA-3'; Belongs to the bZIP family. Jun subfamily.
MCL	1	Red	#ff0000	22	JUND	9606.ENSP00000252818	Transcription factor jun-D; Transcription factor binding AP-1 sites.
MCL	2	Salmon	#ff9165	7	CXXC5	9606.ENSP00000302543	CXXC-type zinc finger protein 5; May indirectly participate in activation of the NF-kappa-B and MAPK pathways. Acts as a mediator of BMP4-mediated modulation of canonical Wnt signaling activity in neural stem cells (By similarity). Required for DNA damage-induced ATM phosphorylation, p53 activation and cell cycle arrest. Involved in myelopoiesis. Transcription factor. Binds to the oxygen responsive element of COX4I2 and represses its transcription under hypoxia conditions (4% oxygen), as well as normoxia conditions (20% oxygen). May repress COX4I2 transactivation induced by CHCHD2 and  [...] 
MCL	2	Salmon	#ff9165	7	ESR1	9606.ENSP00000405330	Estrogen receptor; Nuclear hormone receptor. The steroid hormones and their receptors are involved in the regulation of eukaryotic gene expression and affect cellular proliferation and differentiation in target tissues. Ligand-dependent nuclear transactivation involves either direct homodimer binding to a palindromic estrogen response element (ERE) sequence or association with other DNA-binding transcription factors, such as AP-1/c-Jun, c-Fos, ATF-2, Sp1 and Sp3, to mediate ERE- independent signaling. Ligand binding induces a conformational change allowing subsequent or combinatorial a [...] 
MCL	2	Salmon	#ff9165	7	GTF2B	9606.ENSP00000359531	Transcription initiation factor IIB; General transcription factor that plays a role in transcription initiation by RNA polymerase II (Pol II). Involved in the pre-initiation complex (PIC) formation and Pol II recruitment at promoter DNA. Together with the TATA box-bound TBP forms the core initiation complex and provides a bridge between TBP and the Pol II-TFIIF complex. Released from the PIC early following the onset of transcription during the initiation and elongation transition and reassociates with TBP during the next transcription cycle. Associates with chromatin to core promoter- [...] 
MCL	2	Salmon	#ff9165	7	MYBL2	9606.ENSP00000217026	Myb-related protein B; Transcription factor involved in the regulation of cell survival, proliferation, and differentiation. Transactivates the expression of the CLU gene.
MCL	2	Salmon	#ff9165	7	TBP	9606.ENSP00000230354	TATA-box-binding protein; General transcription factor that functions at the core of the DNA-binding multiprotein factor TFIID. Binding of TFIID to the TATA box is the initial transcriptional step of the pre-initiation complex (PIC), playing a role in the activation of eukaryotic genes transcribed by RNA polymerase II. Component of a BRF2-containing transcription factor complex that regulates transcription mediated by RNA polymerase III. Component of the transcription factor SL1/TIF-IB complex, which is involved in the assembly of the PIC (pre-initiation complex) during RNA polymerase  [...] 
MCL	2	Salmon	#ff9165	7	TFAP2A	9606.ENSP00000501092	Transcription factor AP-2-alpha; Sequence-specific DNA-binding protein that interacts with inducible viral and cellular enhancer elements to regulate transcription of selected genes. AP-2 factors bind to the consensus sequence 5'-GCCNNNGGC-3' and activate genes involved in a large spectrum of important biological functions including proper eye, face, body wall, limb and neural tube development. They also suppress a number of genes including MCAM/MUC18, C/EBP alpha and MYC. AP-2-alpha is the only AP-2 protein required for early morphogenesis of the lens vesicle. Together with the CITED2 [...] 
MCL	2	Salmon	#ff9165	7	TFAP2C	9606.ENSP00000201031	Transcription factor AP-2 gamma; Sequence-specific DNA-binding protein that interacts with inducible viral and cellular enhancer elements to regulate transcription of selected genes. AP-2 factors bind to the consensus sequence 5'-GCCNNNGGC-3' and activate genes involved in a large spectrum of important biological functions including proper eye, face, body wall, limb and neural tube development. They also suppress a number of genes including MCAM/MUC18, C/EBP alpha and MYC. Involved in the MTA1-mediated epigenetic regulation of ESR1 expression in breast cancer.
MCL	3	Brown	#b26400	6	BACH1	9606.ENSP00000382805	Transcription regulator protein BACH1; Transcriptional regulator that acts as repressor or activator, depending on the context. Binds to NF-E2 DNA binding sites. Plays important roles in coordinating transcription activation and repression by MAFK (By similarity). Together with MAF, represses the transcription of genes under the control of the NFE2L2 oxidative stress pathway.
MCL	3	Brown	#b26400	6	MAFF	9606.ENSP00000442060	Transcription factor MafF; Since they lack a putative transactivation domain, the small Mafs behave as transcriptional repressors when they dimerize among themselves. However, they seem to serve as transcriptional activators by dimerizing with other (usually larger) basic-zipper proteins, such as NFE2L1/NRF1, and recruiting them to specific DNA-binding sites. Interacts with the upstream promoter region of the oxytocin receptor gene. May be a transcriptional enhancer in the up-regulation of the oxytocin receptor gene at parturition. Belongs to the bZIP family. Maf subfamily.
MCL	3	Brown	#b26400	6	MAFG	9606.ENSP00000350369	Transcription factor MafG; Since they lack a putative transactivation domain, the small Mafs behave as transcriptional repressors when they dimerize among themselves. However, they seem to serve as transcriptional activators by dimerizing with other (usually larger) basic-zipper proteins, such as NFE2, NFE2L1 and NFE2L2, and recruiting them to specific DNA-binding sites. Small Maf proteins heterodimerize with Fos and may act as competitive repressors of the NFE2L2 transcription factor. Transcription factor, component of erythroid- specific transcription factor NFE2L2. Activates globin  [...] 
MCL	3	Brown	#b26400	6	MAFK	9606.ENSP00000344903	Transcription factor MafK; Since they lack a putative transactivation domain, the small Mafs behave as transcriptional repressors when they dimerize among themselves. However, they act as transcriptional activators by dimerizing with other (usually larger) basic-zipper proteins, such as NFE2, NFE2L1/NRF1, NFE2L2/NRF2 and NFE2L3/NRF3, and recruiting them to specific DNA-binding sites. Small Maf proteins heterodimerize with Fos and may act as competitive repressors of the NF-E2 transcription factor ; Belongs to the bZIP family. Maf subfamily.
MCL	3	Brown	#b26400	6	NFE2L1	9606.ENSP00000354855	Endoplasmic reticulum membrane sensor NFE2L1; [Endoplasmic reticulum membrane sensor NFE2L1]: Endoplasmic reticulum membrane sensor that translocates into the nucleus in response to various stresses to act as a transcription factor. Constitutes a precursor of the transcription factor NRF1 (By similarity). Able to detect various cellular stresses, such as cholesterol excess, oxidative stress or proteasome inhibition. In response to stress, it is released from the endoplasmic reticulum membrane following cleavage by the protease DDI2 and translocates into the nucleus to form the transcri [...] 
MCL	3	Brown	#b26400	6	NFE2L2	9606.ENSP00000380252	Nuclear factor erythroid 2-related factor 2; Transcription factor that plays a key role in the response to oxidative stress: binds to antioxidant response (ARE) elements present in the promoter region of many cytoprotective genes, such as phase 2 detoxifying enzymes, and promotes their expression, thereby neutralizing reactive electrophiles. In normal conditions, ubiquitinated and degraded in the cytoplasm by the BCR(KEAP1) complex. In response to oxidative stress, electrophile metabolites inhibit activity of the BCR(KEAP1) complex, promoting nuclear accumulation of NFE2L2/NRF2, hetero [...] 
MCL	4	Yellow	#ffe765	5	KLF4	9606.ENSP00000363804	Krueppel-like factor 4; Transcription factor; can act both as activator and as repressor. Binds the 5'-CACCC-3' core sequence. Binds to the promoter region of its own gene and can activate its own transcription. Regulates the expression of key transcription factors during embryonic development. Plays an important role in maintaining embryonic stem cells, and in preventing their differentiation. Required for establishing the barrier function of the skin and for postnatal maturation and maintenance of the ocular surface. Involved in the differentiation of epithelial cells and may also fu [...] 
MCL	4	Yellow	#ffe765	5	SALL4	9606.ENSP00000217086	Sal-like protein 4; Transcription factor with a key role in the maintenance and self-renewal of embryonic and hematopoietic stem cells.
MCL	4	Yellow	#ffe765	5	SOX14	9606.ENSP00000305343	Transcription factor SOX-14; Acts as a negative regulator of transcription.
MCL	4	Yellow	#ffe765	5	SOX2	9606.ENSP00000323588	Transcription factor SOX-2; Transcription factor that forms a trimeric complex with OCT4 on DNA and controls the expression of a number of genes involved in embryonic development such as YES1, FGF4, UTF1 and ZFP206 (By similarity). Binds to the proximal enhancer region of NANOG (By similarity). Critical for early embryogenesis and for embryonic stem cell pluripotency. Downstream SRRT target that mediates the promotion of neural stem cell self-renewal (By similarity). Keeps neural cells undifferentiated by counteracting the activity of proneural proteins and suppresses neuronal differen [...] 
MCL	4	Yellow	#ffe765	5	SOX21	9606.ENSP00000366144	Transcription factor SOX-21; May play a role as an activator of transcription of OPRM1.
MCL	5	Olive	#9bb200	5	MECOM	9606.ENSP00000264674	Histone-lysine N-methyltransferase MECOM; [Isoform 1]: Functions as a transcriptional regulator binding to DNA sequences in the promoter region of target genes and regulating positively or negatively their expression. Oncogene which plays a role in development, cell proliferation and differentiation. May also play a role in apoptosis through regulation of the JNK and TGF-beta signaling. Involved in hematopoiesis.
MCL	5	Olive	#9bb200	5	MYB	9606.ENSP00000339992	Transcriptional activator Myb; Transcriptional activator; DNA-binding protein that specifically recognize the sequence 5'-YAAC[GT]G-3'. Plays an important role in the control of proliferation and differentiation of hematopoietic progenitor cells.
MCL	5	Olive	#9bb200	5	NFE2	9606.ENSP00000439120	Transcription factor NF-E2 45 kDa subunit; Component of the NF-E2 complex essential for regulating erythroid and megakaryocytic maturation and differentiation. Binds to the hypersensitive site 2 (HS2) of the beta-globin control region (LCR). This subunit (NFE2) recognizes the TCAT/C sequence of the AP-1- like core palindrome present in a number of erythroid and megakaryocytic gene promoters. Requires MAFK or other small MAF proteins for binding to the NF-E2 motif. May play a role in all aspects of hemoglobin production from globin and heme synthesis to procurement of iron.
MCL	5	Olive	#9bb200	5	NR4A3	9606.ENSP00000482027	Nuclear receptor subfamily 4 group A member 3; Transcriptional activator that binds to regulatory elements in promoter regions in a cell- and response element (target)-specific manner. Induces gene expression by binding as monomers to the NR4A1 response element (NBRE) 5'-AAAAGGTCA-3' site and as homodimers to the Nur response element (NurRE) site in the promoter of their regulated target genes (By similarity). Plays a role in the regulation of proliferation, survival and differentiation of many different cell types and also in metabolism and inflammation. Mediates proliferation of vasc [...] 
MCL	5	Olive	#9bb200	5	RUNX1	9606.ENSP00000300305	Runt-related transcription factor 1; Forms the heterodimeric complex core-binding factor (CBF) with CBFB. RUNX members modulate the transcription of their target genes through recognizing the core consensus binding sequence 5'- TGTGGT-3', or very rarely, 5'-TGCGGT-3', within their regulatory regions via their runt domain, while CBFB is a non-DNA-binding regulatory subunit that allosterically enhances the sequence-specific DNA-binding capacity of RUNX. The heterodimers bind to the core site of a number of enhancers and promoters, including murine leukemia virus, polyomavirus enhancer, T [...] 
MCL	6	Green	#bfff65	5	ATF3	9606.ENSP00000344352	Cyclic AMP-dependent transcription factor ATF-3; This protein binds the cAMP response element (CRE) (consensus: 5'-GTGACGT[AC][AG]-3'), a sequence present in many viral and cellular promoters. Represses transcription from promoters with ATF sites. It may repress transcription by stabilizing the binding of inhibitory cofactors at the promoter. Isoform 2 activates transcription presumably by sequestering inhibitory cofactors away from the promoters.
MCL	6	Green	#bfff65	5	CEBPB	9606.ENSP00000305422	CCAAT/enhancer-binding protein beta; Important transcription factor regulating the expression of genes involved in immune and inflammatory responses. Plays also a significant role in adipogenesis, as well as in the gluconeogenic pathway, liver regeneration, and hematopoiesis. The consensus recognition site is 5'-T[TG]NNGNAA[TG]-3'. Its functional capacity is governed by protein interactions and post-translational protein modifications. During early embryogenesis, plays essential and redundant functions with CEBPA. Has a promitotic effect on many cell types such as hepatocytes and adipo [...] 
MCL	6	Green	#bfff65	5	CEBPD	9606.ENSP00000386165	CCAAT/enhancer-binding protein delta; Transcription activator that recognizes two different DNA motifs: the CCAAT homology common to many promoters and the enhanced core homology common to many enhancers. Important transcription factor regulating the expression of genes involved in immune and inflammatory responses. Transcriptional activator that enhances IL6 transcription alone and as heterodimer with CEBPB ; Belongs to the bZIP family. C/EBP subfamily.
MCL	6	Green	#bfff65	5	EBF1	9606.ENSP00000322898	Transcription factor COE1; Transcriptional activator which recognizes variations of the palindromic sequence 5'-ATTCCCNNGGGAATT-3'.
MCL	6	Green	#bfff65	5	KLF5	9606.ENSP00000366915	Krueppel-like factor 5; Transcription factor that binds to GC box promoter elements. Activates the transcription of these genes; Belongs to the krueppel C2H2-type zinc-finger protein family.
MCL	7	Lime Green	#36b200	4	ARNT2	9606.ENSP00000307479	Aryl hydrocarbon receptor nuclear translocator 2; Transcription factor that plays a role in the development of the hypothalamo-pituitary axis, postnatal brain growth, and visual and renal function. Specifically recognizes the xenobiotic response element (XRE).
MCL	7	Lime Green	#36b200	4	EPAS1	9606.ENSP00000263734	Endothelial PAS domain-containing protein 1; Transcription factor involved in the induction of oxygen regulated genes. Heterodimerizes with ARNT; heterodimer binds to core DNA sequence 5'-TACGTG-3' within the hypoxia response element (HRE) of target gene promoters (By similarity). Regulates the vascular endothelial growth factor (VEGF) expression and seems to be implicated in the development of blood vessels and the tubular system of lung. May also play a role in the formation of the endothelium that gives rise to the blood brain barrier. Potent activator of the Tie-2 tyrosine kinase e [...] 
MCL	7	Lime Green	#36b200	4	HIF1A	9606.ENSP00000437955	Hypoxia-inducible factor 1-alpha; Functions as a master transcriptional regulator of the adaptive response to hypoxia. Under hypoxic conditions, activates the transcription of over 40 genes, including erythropoietin, glucose transporters, glycolytic enzymes, vascular endothelial growth factor, HILPDA, and other genes whose protein products increase oxygen delivery or facilitate metabolic adaptation to hypoxia. Plays an essential role in embryonic vascularization, tumor angiogenesis and pathophysiology of ischemic disease. Heterodimerizes with ARNT; heterodimer binds to core DNA sequenc [...] 
MCL	7	Lime Green	#36b200	4	HIF3A	9606.ENSP00000366898	Hypoxia-inducible factor 3-alpha; Acts as a transcriptional regulator in adaptive response to low oxygen tension. Acts as a regulator of hypoxia-inducible gene expression. Functions as an inhibitor of angiogenesis in hypoxic cells of the cornea. Plays a role in the development of the cardiorespiratory system. May also be involved in apoptosis (By similarity). [Isoform 3]: Attenuates the ability of transcription factor HIF1A to bind to hypoxia-responsive elements (HRE) located within the enhancer/promoter of hypoxia-inducible target genes and hence inhibits HRE-driven transcriptional ac [...] 
MCL	8	Light Green	#69ff65	3	GATA3	9606.ENSP00000368632	Trans-acting T-cell-specific transcription factor GATA-3; Transcriptional activator which binds to the enhancer of the T-cell receptor alpha and delta genes. Binds to the consensus sequence 5'-AGATAG-3'. Required for the T-helper 2 (Th2) differentiation process following immune and inflammatory responses.
MCL	8	Light Green	#69ff65	3	STAT6	9606.ENSP00000300134	Signal transducer and activator of transcription 6; Carries out a dual function: signal transduction and activation of transcription. Involved in IL4/interleukin-4- and IL3/interleukin-3-mediated signaling.
MCL	8	Light Green	#69ff65	3	TBX21	9606.ENSP00000177694	T-box transcription factor TBX21; Lineage-defining transcription factor which initiates Th1 lineage development from naive Th precursor cells both by activating Th1 genetic programs and by repressing the opposing Th2 and Th17 genetic programs. Activates transcription of a set of genes important for Th1 cell function, including those encoding IFN- gamma and the chemokine receptor CXCR3. Activates IFNG and CXCR3 genes in part by recruiting chromatin remodeling complexes including KDM6B, a SMARCA4-containing SWI/SNF-complex, and an H3K4me2-methyltransferase complex to their promoters and  [...] 
MCL	9	Lime Green 2	#00b22e	3	EOMES	9606.ENSP00000388620	Eomesodermin homolog; Functions as a transcriptional activator playing a crucial role during development. Functions in trophoblast differentiation and later in gastrulation, regulating both mesoderm delamination and endoderm specification. Plays a role in brain development being required for the specification and the proliferation of the intermediate progenitor cells and their progeny in the cerebral cortex. Also involved in the differentiation of CD8+ T-cells during immune response regulating the expression of lytic effector genes.
MCL	9	Lime Green 2	#00b22e	3	FOXH1	9606.ENSP00000366534	Forkhead box protein H1; Transcriptional activator. Recognizes and binds to the DNA sequence 5'-TGT[GT][GT]ATT-3'. Required for induction of the goosecoid (GSC) promoter by TGF-beta or activin signaling. Forms a transcriptionally active complex containing FOXH1/SMAD2/SMAD4 on a site on the GSC promoter called TARE (TGF-beta/activin response element).
MCL	9	Lime Green 2	#00b22e	3	TBPL2	9606.ENSP00000247219	TATA box-binding protein-like protein 2; Transcription factor required in complex with TAF3 for the differentiation of myoblasts into myocytes. The complex replaces TFIID at specific promoters at an early stage in the differentiation process (By similarity); Belongs to the TBP family.
MCL	10	Cyan	#65ffb8	3	KLF6	9606.ENSP00000419923	Krueppel-like factor 6; Transcriptional activator (By similarity). Binds a GC box motif. Could play a role in B-cell growth and development.
MCL	10	Cyan	#65ffb8	3	SP1	9606.ENSP00000329357	Transcription factor Sp1; Transcription factor that can activate or repress transcription in response to physiological and pathological stimuli. Binds with high affinity to GC-rich motifs and regulates the expression of a large number of genes involved in a variety of processes such as cell growth, apoptosis, differentiation and immune responses. Highly regulated by post-translational modifications (phosphorylations, sumoylation, proteolytic cleavage, glycosylation and acetylation). Binds also the PDGFR-alpha G-box promoter. May have a role in modulating the cellular response to DNA da [...] 
MCL	10	Cyan	#65ffb8	3	SP3	9606.ENSP00000310301	Transcription factor Sp3; Transcriptional factor that can act as an activator or repressor depending on isoform and/or post-translational modifications. Binds to GT and GC boxes promoter elements. Competes with SP1 for the GC-box promoters. Weak activator of transcription but can activate a number of genes involved in different processes such as cell-cycle regulation, hormone-induction and house-keeping.
MCL	11	Purple	#7875ef	3	ARNTL	9606.ENSP00000384517	Aryl hydrocarbon receptor nuclear translocator-like protein 1; Transcriptional activator which forms a core component of the circadian clock. The circadian clock, an internal time-keeping system, regulates various physiological processes through the generation of approximately 24 hour circadian rhythms in gene expression, which are translated into rhythms in metabolism and behavior. It is derived from the Latin roots 'circa' (about) and 'diem' (day) and acts as an important regulator of a wide array of physiological functions including metabolism, sleep, body temperature, blood pressur [...] 
MCL	11	Purple	#7875ef	3	CLOCK	9606.ENSP00000426983	Circadian locomoter output cycles protein kaput; Transcriptional activator which forms a core component of the circadian clock. The circadian clock, an internal time-keeping system, regulates various physiological processes through the generation of approximately 24 hour circadian rhythms in gene expression, which are translated into rhythms in metabolism and behavior. It is derived from the Latin roots 'circa' (about) and 'diem' (day) and acts as an important regulator of a wide array of physiological functions including metabolism, sleep, body temperature, blood pressure, endocrine,  [...] 
MCL	11	Purple	#7875ef	3	NPAS2	9606.ENSP00000338283	Neuronal PAS domain-containing protein 2; Transcriptional activator which forms a core component of the circadian clock. The circadian clock, an internal time-keeping system, regulates various physiological processes through the generation of approximately 24 hour circadian rhythms in gene expression, which are translated into rhythms in metabolism and behavior. It is derived from the Latin roots 'circa' (about) and 'diem' (day) and acts as an important regulator of a wide array of physiological functions including metabolism, sleep, body temperature, blood pressure, endocrine, immune, [...] 
MCL	12	Medium Purple	#9a75ef	2	LMX1B	9606.ENSP00000347684	LIM homeobox transcription factor 1-beta; Essential for the specification of dorsal limb fate at both the zeugopodal and autopodal levels.
MCL	12	Medium Purple	#9a75ef	2	PBX3	9606.ENSP00000362588	Pre-B-cell leukemia transcription factor 3; Transcriptional activator that binds the sequence 5'- ATCAATCAA-3'.
MCL	13	Orchid 2	#bd75ef	2	HOXA1	9606.ENSP00000494260	Homeobox protein Hox-A1; Sequence-specific transcription factor (By similarity). Regulates multiple developmental processes including brainstem, inner and outer ear, abducens nerve and cardiovascular development and morphogenesis as well as cognition and behavior. Also part of a developmental regulatory system that provides cells with specific positional identities on the anterior-posterior axis. Acts on the anterior body structures. Seems to act in the maintenance and/or generation of hindbrain segments (By similarity). Activates transcription in the presence of PBX1A and PKNOX1 (By s [...] 
MCL	13	Orchid 2	#bd75ef	2	HOXB1	9606.ENSP00000355140	Homeobox protein Hox-B1; Sequence-specific transcription factor which is part of a developmental regulatory system that provides cells with specific positional identities on the anterior-posterior axis. Acts on the anterior body structures.
MCL	14	Violet	#df75ef	2	LHX2	9606.ENSP00000362717	LIM/homeobox protein Lhx2; Acts as a transcriptional activator. Stimulates the promoter of the alpha-glycoprotein gene. Transcriptional regulatory protein involved in the control of cell differentiation in developing lymphoid and neural cell types (By similarity).
MCL	14	Violet	#df75ef	2	LHX9	9606.ENSP00000356357	LIM/homeobox protein Lhx9; Involved in gonadal development.
MCL	15	Orchid	#ef75dc	2	ETS1	9606.ENSP00000376436	Protein C-ets-1; Transcription factor. Directly controls the expression of cytokine and chemokine genes in a wide variety of different cellular contexts. May control the differentiation, survival and proliferation of lymphoid cells. May also regulate angiogenesis through regulation of expression of genes controlling endothelial cell migration and invasion; Belongs to the ETS family.
MCL	15	Orchid	#ef75dc	2	ETS2	9606.ENSP00000353344	Protein C-ets-2; Transcription factor activating transcription. Binds specifically the DNA GGAA/T core motif (Ets-binding site or EBS) in gene promoters and stimulates transcription.
MCL	16	Hot Pink	#ef75ba	2	FOXG1	9606.ENSP00000339004	Forkhead box protein G1; Transcription repression factor which plays an important role in the establishment of the regional subdivision of the developing brain and in the development of the telencephalon.
MCL	16	Hot Pink	#ef75ba	2	MECP2	9606.ENSP00000395535	Methyl-CpG-binding protein 2; Chromosomal protein that binds to methylated DNA. It can bind specifically to a single methyl-CpG pair. It is not influenced by sequences flanking the methyl-CpGs. Mediates transcriptional repression through interaction with histone deacetylase and the corepressor SIN3A. Binds both 5-methylcytosine (5mC) and 5-hydroxymethylcytosine (5hmC)- containing DNA, with a preference for 5-methylcytosine (5mC).
MCL	17	Pink	#ef7597	2	HOXA9	9606.ENSP00000343619	Homeobox protein Hox-A9; Sequence-specific transcription factor which is part of a developmental regulatory system that provides cells with specific positional identities on the anterior-posterior axis. Required for induction of E-selectin and VCAM-1, on the endothelial cells surface at sites of inflammation.
MCL	17	Pink	#ef7597	2	PBX1	9606.ENSP00000405890	Pre-B-cell leukemia transcription factor 1; Binds the sequence 5'-ATCAATCAA-3'. Acts as a transcriptional activator of PF4 in complex with MEIS1. Converted into a potent transcriptional activator by the (1;19) translocation. May have a role in steroidogenesis and, subsequently, sexual development and differentiation. Isoform PBX1b as part of a PDX1:PBX1b:MEIS2b complex in pancreatic acinar cells is involved in the transcriptional activation of the ELA1 enhancer; the complex binds to the enhancer B element and cooperates with the transcription factor 1 complex (PTF1) bound to the enhanc [...] 
